actual_price,selling_price,offer,rating(outof5),no_of_ratings,no_of_reviews,battery,processor,warranty,product_link,Mobile_name,extracted_memory,RAM(in GB),ROM(in GB),expandable_memory,screen_size,display_type,rear_camera(in MP),front_camera(in MP),Model
29999,24999,16% off,4.3,27719,3922,5000.0,Dimensity 7030 Processor,1.0,https://www.flipkart.com/motorola-edge-40-neo-soothing-sea-256-gb/p/itm5bd7da24f41ef?pid=MOBGQFX6H2H2UHFZ&lid=LSTMOBGQFX6H2H2UHFZML9ANG&marketplace=FLIPKART&q=mobiles&store=tyy%2F4io&srno=s_1_2&otracker=search&otracker1=search&fm=organic&iid=761db833-1fb1-4697-8cf9-445662b1f185.MOBGQFX6H2H2UHFZ.SEARCH&ppt=None&ppn=None&ssid=qa7ytdy8b40000001703701031308&qH=eb4af0bf07c16429,MOTOROLA Edge 40 Neo,256 GB,12 GB,256 GB,Not Expandable,16.64 cm,Full HD,63.0MP,32MP,MOTOROLA
17999,11999,33% off,4.4,141,7540,5000.0,Dimensity 6020 Processor,1.0,https://www.flipkart.com/vivo-t2x-5g-glimmer-black-128-gb/p/itmcb8f0f6a85d5d?pid=MOBGZBFUZDW5JHYW&lid=LSTMOBGZBFUZDW5JHYWRCDY5W&marketplace=FLIPKART&q=mobiles&store=tyy%2F4io&srno=s_1_6&otracker=search&otracker1=search&fm=organic&iid=761db833-1fb1-4697-8cf9-445662b1f185.MOBGZBFUZDW5JHYW.SEARCH&ppt=None&ppn=None&ssid=qa7ytdy8b40000001703701031308&qH=eb4af0bf07c16429,vivo T2x 5G,128 GB,4 GB,128 GB,Not Expandable,16.71 cm,Full HD,52.0MP,8MP,vivo
17999,11999,33% off,4.4,141,7540,5000.0,Dimensity 6020 Processor,1.0,https://www.flipkart.com/vivo-t2x-5g-marine-blue-128-gb/p/itmcb8f0f6a85d5d?pid=MOBGZBFUPTU7DNCA&lid=LSTMOBGZBFUPTU7DNCALOZWX1&marketplace=FLIPKART&q=mobiles&store=tyy%2F4io&srno=s_1_7&otracker=search&otracker1=search&fm=organic&iid=761db833-1fb1-4697-8cf9-445662b1f185.MOBGZBFUPTU7DNCA.SEARCH&ppt=None&ppn=None&ssid=qa7ytdy8b40000001703701031308&qH=eb4af0bf07c16429,vivo T2x 5G,128 GB,4 GB,128 GB,Not Expandable,16.71 cm,Full HD,52.0MP,8MP,vivo
20999,14999,28% off,4.3,55634,3278,5000.0,Dimensity 6020 Processor,1.0,https://www.flipkart.com/vivo-t2x-5g-marine-blue-128-gb/p/itmcb8f0f6a85d5d?pid=MOBGZBFUZHRYUKVR&lid=LSTMOBGZBFUZHRYUKVRNME6VW&marketplace=FLIPKART&q=mobiles&store=tyy%2F4io&srno=s_1_8&otracker=search&otracker1=search&fm=organic&iid=761db833-1fb1-4697-8cf9-445662b1f185.MOBGZBFUZHRYUKVR.SEARCH&ppt=None&ppn=None&ssid=qa7ytdy8b40000001703701031308&qH=eb4af0bf07c16429,vivo T2x 5G,128 GB,8 GB,128 GB,Not Expandable,16.71 cm,Full HD,52.0MP,8MP,vivo
20999,14999,28% off,4.3,55634,3278,5000.0,Dimensity 6020 Processor,1.0,https://www.flipkart.com/vivo-t2x-5g-glimmer-black-128-gb/p/itmcb8f0f6a85d5d?pid=MOBGZBFUZEMCKRGE&lid=LSTMOBGZBFUZEMCKRGEW3VLBC&marketplace=FLIPKART&q=mobiles&store=tyy%2F4io&srno=s_1_9&otracker=search&otracker1=search&fm=organic&iid=761db833-1fb1-4697-8cf9-445662b1f185.MOBGZBFUZEMCKRGE.SEARCH&ppt=None&ppn=None&ssid=qa7ytdy8b40000001703701031308&qH=eb4af0bf07c16429,vivo T2x 5G,128 GB,8 GB,128 GB,Not Expandable,16.71 cm,Full HD,52.0MP,8MP,vivo
20999,14999,28% off,4.3,55634,3278,5000.0,Dimensity 6020 Processor,1.0,https://www.flipkart.com/vivo-t2x-5g-aurora-gold-128-gb/p/itmcb8f0f6a85d5d?pid=MOBGZBFUSEFSWASX&lid=LSTMOBGZBFUSEFSWASX1YPF2N&marketplace=FLIPKART&q=mobiles&store=tyy%2F4io&srno=s_1_10&otracker=search&otracker1=search&fm=organic&iid=761db833-1fb1-4697-8cf9-445662b1f185.MOBGZBFUSEFSWASX.SEARCH&ppt=None&ppn=None&ssid=qa7ytdy8b40000001703701031308&qH=eb4af0bf07c16429,vivo T2x 5G,128 GB,8 GB,128 GB,Not Expandable,16.71 cm,Full HD,52.0MP,8MP,vivo
27999,22999,17% off,4.4,16546,2285,5000.0,Dimensity 7030 Processor,1.0,https://www.flipkart.com/motorola-edge-40-neo-soothing-sea-128-gb/p/itmcfb87467e7d9a?pid=MOBGQFX6AG2JD2XT&lid=LSTMOBGQFX6AG2JD2XTSPSYR7&marketplace=FLIPKART&q=mobiles&store=tyy%2F4io&srno=s_1_11&otracker=search&otracker1=search&fm=organic&iid=761db833-1fb1-4697-8cf9-445662b1f185.MOBGQFX6AG2JD2XT.SEARCH&ppt=None&ppn=None&ssid=qa7ytdy8b40000001703701031308&qH=eb4af0bf07c16429,MOTOROLA Edge 40 Neo,128 GB,8 GB,128 GB,Not Expandable,16.64 cm,Full HD,63.0MP,32MP,MOTOROLA
16999,14999,11% off,4.4,95040,6063,5000.0,Dimensity 6100+ Processor,1.0,https://www.flipkart.com/realme-11x-5g-midnight-black-128-gb/p/itm07be1a2ff1a1b?pid=MOBGS2WFP7X8263G&lid=LSTMOBGS2WFP7X8263G7TE3WT&marketplace=FLIPKART&q=mobiles&store=tyy%2F4io&srno=s_1_12&otracker=search&otracker1=search&fm=organic&iid=761db833-1fb1-4697-8cf9-445662b1f185.MOBGS2WFP7X8263G.SEARCH&ppt=None&ppn=None&ssid=qa7ytdy8b40000001703701031308&qH=eb4af0bf07c16429,realme 11x 5G,128 GB,6 GB,128 GB,Not Expandable,17.07 cm,Full HD,66.0MP,8MP,realme
17999,13999,22% off,4.2,37879,3700,6000.0,Dimensity 7020 Processor,1.0,https://www.flipkart.com/motorola-g54-5g-pearl-blue-128-gb/p/itm8d5c2baa065c6?pid=MOBGQFX8TMM555GW&lid=LSTMOBGQFX8TMM555GWMGXPWV&marketplace=FLIPKART&q=mobiles&store=tyy%2F4io&srno=s_1_13&otracker=search&otracker1=search&fm=organic&iid=761db833-1fb1-4697-8cf9-445662b1f185.MOBGQFX8TMM555GW.SEARCH&ppt=None&ppn=None&ssid=qa7ytdy8b40000001703701031308&qH=eb4af0bf07c16429,MOTOROLA g54 5G,128 GB,8 GB,128 GB,Not Expandable,16.51 cm,Full HD,58.0MP,16MP,MOTOROLA
21999,15999,27% off,4.2,44755,4058,6000.0,Dimensity 7020 Processor,1.0,https://www.flipkart.com/motorola-g54-5g-mint-green-256-gb/p/itm9f608c1154160?pid=MOBGQFX8XGUATGRT&lid=LSTMOBGQFX8XGUATGRTUMNQ7U&marketplace=FLIPKART&q=mobiles&store=tyy%2F4io&srno=s_1_14&otracker=search&otracker1=search&fm=organic&iid=761db833-1fb1-4697-8cf9-445662b1f185.MOBGQFX8XGUATGRT.SEARCH&ppt=None&ppn=None&ssid=qa7ytdy8b40000001703701031308&qH=eb4af0bf07c16429,MOTOROLA g54 5G,256 GB,12 GB,256 GB,Not Expandable,16.51 cm,Full HD,58.0MP,16MP,MOTOROLA
18999,15999,15% off,4.3,11101,763,5000.0,Dimensity 6100+ Processor,1.0,https://www.flipkart.com/realme-11x-5g-purple-dawn-128-gb/p/itm07be1a2ff1a1b?pid=MOBGS2W3YT99HRJ4&lid=LSTMOBGS2W3YT99HRJ4VRKJQ9&marketplace=FLIPKART&q=mobiles&store=tyy%2F4io&srno=s_1_15&otracker=search&otracker1=search&fm=organic&iid=761db833-1fb1-4697-8cf9-445662b1f185.MOBGS2W3YT99HRJ4.SEARCH&ppt=None&ppn=None&ssid=qa7ytdy8b40000001703701031308&qH=eb4af0bf07c16429,realme 11x 5G,128 GB,8 GB,128 GB,Not Expandable,17.07 cm,Full HD,66.0MP,8MP,realme
16999,14999,11% off,4.4,95040,6063,5000.0,Dimensity 6100+ Processor,1.0,https://www.flipkart.com/realme-11x-5g-purple-dawn-128-gb/p/itm07be1a2ff1a1b?pid=MOBGS2WFBDQBD2B4&lid=LSTMOBGS2WFBDQBD2B4EI4NMP&marketplace=FLIPKART&q=mobiles&store=tyy%2F4io&spotlightTagId=BestsellerId_tyy%2F4io&srno=s_1_16&otracker=search&otracker1=search&fm=organic&iid=761db833-1fb1-4697-8cf9-445662b1f185.MOBGS2WFBDQBD2B4.SEARCH&ppt=None&ppn=None&ssid=qa7ytdy8b40000001703701031308&qH=eb4af0bf07c16429,realme 11x 5G,128 GB,6 GB,128 GB,Not Expandable,17.07 cm,Full HD,66.0MP,8MP,realme
11999,6499,45% off,4.2,88477,5431,5000.0,Mediatek Helio G85 Processor,1.0,https://www.flipkart.com/poco-c55-forest-green-64-gb/p/itm8b99ef9bd674c?pid=MOBGMXSWFYZYWKTD&lid=LSTMOBGMXSWFYZYWKTDWKED3U&marketplace=FLIPKART&q=mobiles&store=tyy%2F4io&srno=s_1_17&otracker=search&otracker1=search&fm=organic&iid=761db833-1fb1-4697-8cf9-445662b1f185.MOBGMXSWFYZYWKTD.SEARCH&ppt=None&ppn=None&ssid=qa7ytdy8b40000001703701031308&qH=eb4af0bf07c16429,POCO C55,64 GB,4 GB,64 GB,Not Expandable,17.04 cm,HD,50.0MP,5MP,POCO
9999,5499,45% off,4.0,153,8498,5000.0,Helio G36 Processor,1.0,https://www.flipkart.com/poco-c51-locked-airtel-prepaid-power-black-64-gb/p/itmf84c207e77bd0?pid=MOBGQTDPRFVZQYWB&lid=LSTMOBGQTDPRFVZQYWB3MAZ2P&marketplace=FLIPKART&q=mobiles&store=tyy%2F4io&srno=s_1_18&otracker=search&otracker1=search&fm=organic&iid=761db833-1fb1-4697-8cf9-445662b1f185.MOBGQTDPRFVZQYWB.SEARCH&ppt=None&ppn=None&ssid=qa7ytdy8b40000001703701031308&qH=eb4af0bf07c16429,POCO C51 - Locked with Airtel Prepaid,64 GB,4 GB,64 GB,Not Expandable,16.56 cm,HD,8.0MP,5MP,POCO
17999,13999,22% off,4.2,37879,3700,6000.0,Dimensity 7020 Processor,1.0,https://www.flipkart.com/motorola-g54-5g-midnight-blue-128-gb/p/itm1867d5933e9e8?pid=MOBGQFX8P4HFEUCD&lid=LSTMOBGQFX8P4HFEUCDCDMGCN&marketplace=FLIPKART&q=mobiles&store=tyy%2F4io&srno=s_1_19&otracker=search&otracker1=search&fm=organic&iid=761db833-1fb1-4697-8cf9-445662b1f185.MOBGQFX8P4HFEUCD.SEARCH&ppt=None&ppn=None&ssid=qa7ytdy8b40000001703701031308&qH=eb4af0bf07c16429,MOTOROLA g54 5G,128 GB,8 GB,128 GB,Not Expandable,16.51 cm,Full HD,58.0MP,16MP,MOTOROLA
9999,5999,40% off,4.0,153,8498,5000.0,Helio G36 Processor,1.0,https://www.flipkart.com/poco-c51-royal-blue-64-gb/p/itm1e4e8373537a7?pid=MOBGZCQFCWNDK89P&lid=LSTMOBGZCQFCWNDK89POEPN6S&marketplace=FLIPKART&q=mobiles&store=tyy%2F4io&srno=s_1_20&otracker=search&otracker1=search&fm=organic&iid=761db833-1fb1-4697-8cf9-445662b1f185.MOBGZCQFCWNDK89P.SEARCH&ppt=None&ppn=None&ssid=qa7ytdy8b40000001703701031308&qH=eb4af0bf07c16429,POCO C51,64 GB,4 GB,64 GB,Not Expandable,16.56 cm,HD,8.0MP,5MP,POCO
18999,15999,15% off,4.3,11101,763,5000.0,Dimensity 6100+ Processor,1.0,https://www.flipkart.com/realme-11x-5g-midnight-black-128-gb/p/itm07be1a2ff1a1b?pid=MOBGS2W3KYRQF4GZ&lid=LSTMOBGS2W3KYRQF4GZO4BBGH&marketplace=FLIPKART&q=mobiles&store=tyy%2F4io&srno=s_1_22&otracker=search&otracker1=search&fm=organic&iid=761db833-1fb1-4697-8cf9-445662b1f185.MOBGS2W3KYRQF4GZ.SEARCH&ppt=None&ppn=None&ssid=qa7ytdy8b40000001703701031308&qH=eb4af0bf07c16429,realme 11x 5G,128 GB,8 GB,128 GB,Not Expandable,17.07 cm,Full HD,66.0MP,8MP,realme
17999,11999,33% off,4.4,141,7540,5000.0,Dimensity 6020 Processor,1.0,https://www.flipkart.com/vivo-t2x-5g-aurora-gold-128-gb/p/itmcb8f0f6a85d5d?pid=MOBGZBFUQMTHYHSH&lid=LSTMOBGZBFUQMTHYHSH0PCGX7&marketplace=FLIPKART&q=mobiles&store=tyy%2F4io&srno=s_1_23&otracker=search&otracker1=search&fm=organic&iid=761db833-1fb1-4697-8cf9-445662b1f185.MOBGZBFUQMTHYHSH.SEARCH&ppt=None&ppn=None&ssid=qa7ytdy8b40000001703701031308&qH=eb4af0bf07c16429,vivo T2x 5G,128 GB,4 GB,128 GB,Not Expandable,16.71 cm,Full HD,52.0MP,8MP,vivo
18999,12999,31% off,4.4,291,16074,5000.0,Dimensity 6020 Processor,1.0,https://www.flipkart.com/vivo-t2x-5g-glimmer-black-128-gb/p/itmcb8f0f6a85d5d?pid=MOBGZBFUF389GDMP&lid=LSTMOBGZBFUF389GDMPYKMTEO&marketplace=FLIPKART&q=mobiles&store=tyy%2F4io&srno=s_1_24&otracker=search&otracker1=search&fm=organic&iid=761db833-1fb1-4697-8cf9-445662b1f185.MOBGZBFUF389GDMP.SEARCH&ppt=None&ppn=None&ssid=qa7ytdy8b40000001703701031308&qH=eb4af0bf07c16429,vivo T2x 5G,128 GB,6 GB,128 GB,Not Expandable,16.71 cm,Full HD,52.0MP,8MP,vivo
16999,11999,29% off,4.3,55838,3651,5000.0,Snapdragon 4 Gen 2 Processor,1.0,https://www.flipkart.com/poco-m6-pro-5g-power-black-128-gb/p/itmef8fa46f89738?pid=MOBGRNZ3ER4N3K4F&lid=LSTMOBGRNZ3ER4N3K4FIYYGCU&marketplace=FLIPKART&q=mobiles&store=tyy%2F4io&srno=s_2_25&otracker=search&otracker1=search&fm=organic&iid=6a0670c9-9ee3-49f9-9336-713b5d300733.MOBGRNZ3ER4N3K4F.SEARCH&ppt=None&ppn=None&ssid=ple6c46n3k0000001703701038096&qH=eb4af0bf07c16429,POCO M6 Pro 5G,128 GB,6 GB,128 GB,Not Expandable,17.25 cm,Full HD,52.0MP,8MP,POCO
9999,5499,45% off,4.0,153,8498,5000.0,Helio G36 Processor,1.0,https://www.flipkart.com/poco-c51-locked-airtel-prepaid-royal-blue-64-gb/p/itm795e693024fbb?pid=MOBGQTDP5DGSNS7Q&lid=LSTMOBGQTDP5DGSNS7QYVHTJC&marketplace=FLIPKART&q=mobiles&store=tyy%2F4io&srno=s_2_26&otracker=search&otracker1=search&fm=organic&iid=6a0670c9-9ee3-49f9-9336-713b5d300733.MOBGQTDP5DGSNS7Q.SEARCH&ppt=None&ppn=None&ssid=ple6c46n3k0000001703701038096&qH=eb4af0bf07c16429,POCO C51 - Locked with Airtel Prepaid,64 GB,4 GB,64 GB,Not Expandable,16.56 cm,HD,8.0MP,5MP,POCO
13999,6999,50% off,4.2,18564,1066,5000.0,Helio G85 Processor,1.0,https://www.flipkart.com/redmi-12c-matte-black-64-gb/p/itm25f1034a0a65f?pid=MOBGZH88FRJ8GYXZ&lid=LSTMOBGZH88FRJ8GYXZHLG6GR&marketplace=FLIPKART&q=mobiles&store=tyy%2F4io&srno=s_2_27&otracker=search&otracker1=search&fm=organic&iid=6a0670c9-9ee3-49f9-9336-713b5d300733.MOBGZH88FRJ8GYXZ.SEARCH&ppt=None&ppn=None&ssid=ple6c46n3k0000001703701038096&qH=eb4af0bf07c16429,REDMI 12C,64 GB,4 GB,64 GB,Not Expandable,17.04 cm,HD,50.0MP,5MP,REDMI
29999,24999,16% off,4.3,27719,3922,5000.0,Dimensity 7030 Processor,1.0,https://www.flipkart.com/motorola-edge-40-neo-caneel-bay-256-gb/p/itm55813a9671489?pid=MOBGQFX6APUFAPMS&lid=LSTMOBGQFX6APUFAPMSO5N7CJ&marketplace=FLIPKART&q=mobiles&store=tyy%2F4io&srno=s_2_28&otracker=search&otracker1=search&fm=organic&iid=6a0670c9-9ee3-49f9-9336-713b5d300733.MOBGQFX6APUFAPMS.SEARCH&ppt=None&ppn=None&ssid=ple6c46n3k0000001703701038096&qH=eb4af0bf07c16429,MOTOROLA Edge 40 Neo,256 GB,12 GB,256 GB,Not Expandable,16.64 cm,Full HD,63.0MP,32MP,MOTOROLA
13999,7499,46% off,4.1,100,6030,5000.0,Mediatek Helio G85 Processor,1.0,https://www.flipkart.com/poco-c55-cool-blue-128-gb/p/itm26aca9fd143ba?pid=MOBGMXSWJHRVUWFE&lid=LSTMOBGMXSWJHRVUWFESKZGEW&marketplace=FLIPKART&q=mobiles&store=tyy%2F4io&srno=s_2_29&otracker=search&otracker1=search&fm=organic&iid=6a0670c9-9ee3-49f9-9336-713b5d300733.MOBGMXSWJHRVUWFE.SEARCH&ppt=None&ppn=None&ssid=ple6c46n3k0000001703701038096&qH=eb4af0bf07c16429,POCO C55,128 GB,6 GB,128 GB,Not Expandable,17.04 cm,HD,50.0MP,5MP,POCO
18999,12999,31% off,4.4,291,16074,5000.0,Dimensity 6020 Processor,1.0,https://www.flipkart.com/vivo-t2x-5g-marine-blue-128-gb/p/itmcb8f0f6a85d5d?pid=MOBGZBFU4HBKKFSN&lid=LSTMOBGZBFU4HBKKFSNXXMXTS&marketplace=FLIPKART&q=mobiles&store=tyy%2F4io&spotlightTagId=BestsellerId_tyy%2F4io&srno=s_2_30&otracker=search&otracker1=search&fm=organic&iid=6a0670c9-9ee3-49f9-9336-713b5d300733.MOBGZBFU4HBKKFSN.SEARCH&ppt=None&ppn=None&ssid=ple6c46n3k0000001703701038096&qH=eb4af0bf07c16429,vivo T2x 5G,128 GB,6 GB,128 GB,Not Expandable,16.71 cm,Full HD,52.0MP,8MP,vivo
18999,12999,31% off,4.4,291,16074,5000.0,Dimensity 6020 Processor,1.0,https://www.flipkart.com/vivo-t2x-5g-aurora-gold-128-gb/p/itmcb8f0f6a85d5d?pid=MOBGZBFUFNDXSGHS&lid=LSTMOBGZBFUFNDXSGHSMEZSSN&marketplace=FLIPKART&q=mobiles&store=tyy%2F4io&spotlightTagId=BestsellerId_tyy%2F4io&srno=s_2_31&otracker=search&otracker1=search&fm=organic&iid=6a0670c9-9ee3-49f9-9336-713b5d300733.MOBGZBFUFNDXSGHS.SEARCH&ppt=None&ppn=None&ssid=ple6c46n3k0000001703701038096&qH=eb4af0bf07c16429,vivo T2x 5G,128 GB,6 GB,128 GB,Not Expandable,16.71 cm,Full HD,52.0MP,8MP,vivo
10999,6499,40% off,4.1,84726,6706,5000.0,Unisoc T606 Processor,1.0,https://www.flipkart.com/motorola-e13-aurora-green-64-gb/p/itmb52d8f826cd9a?pid=MOBGKHNBA55HDSZR&lid=LSTMOBGKHNBA55HDSZRHOAFME&marketplace=FLIPKART&q=mobiles&store=tyy%2F4io&srno=s_2_32&otracker=search&otracker1=search&fm=organic&iid=6a0670c9-9ee3-49f9-9336-713b5d300733.MOBGKHNBA55HDSZR.SEARCH&ppt=None&ppn=None&ssid=ple6c46n3k0000001703701038096&qH=eb4af0bf07c16429,MOTOROLA e13,64 GB,4 GB,64 GB,Not Expandable,16.51 cm,HD,13.0MP,5MP,MOTOROLA
10999,8999,18% off,4.3,57627,2536,5000.0,T612 Processor,1.0,https://www.flipkart.com/realme-c51-mint-green-64-gb/p/itm0e93bcb87927f?pid=MOBGSQGGC7NY4PXC&lid=LSTMOBGSQGGC7NY4PXCOCBP4E&marketplace=FLIPKART&q=mobiles&store=tyy%2F4io&srno=s_2_33&otracker=search&otracker1=search&fm=organic&iid=6a0670c9-9ee3-49f9-9336-713b5d300733.MOBGSQGGC7NY4PXC.SEARCH&ppt=None&ppn=None&ssid=ple6c46n3k0000001703701038096&qH=eb4af0bf07c16429,realme C51,64 GB,4 GB,64 GB,Not Expandable,17.12 cm,HD,50.08MP,5MP,realme
7999,6299,21% off,4.4,4122,395,5000.0,T606 Processor,1.0,https://www.flipkart.com/infinix-smart-8-hd-timber-black-64-gb/p/itm709d885ba6ac1?pid=MOBGVAPX8EG26HZW&lid=LSTMOBGVAPX8EG26HZW7NAQCU&marketplace=FLIPKART&q=mobiles&store=tyy%2F4io&srno=s_2_34&otracker=search&otracker1=search&fm=organic&iid=6a0670c9-9ee3-49f9-9336-713b5d300733.MOBGVAPX8EG26HZW.SEARCH&ppt=None&ppn=None&ssid=ple6c46n3k0000001703701038096&qH=eb4af0bf07c16429,Infinix SMART 8 HD,64 GB,3 GB,64 GB,Not Expandable,16.76 cm,HD,13.0MP,8MP,Infinix
7999,6299,21% off,4.4,4122,395,5000.0,T606 Processor,1.0,https://www.flipkart.com/infinix-smart-8-hd-crystal-green-64-gb/p/itm709d885ba6ac1?pid=MOBGVAPXGPFUDHYK&lid=LSTMOBGVAPXGPFUDHYKXUDYPL&marketplace=FLIPKART&q=mobiles&store=tyy%2F4io&srno=s_2_35&otracker=search&otracker1=search&fm=organic&iid=6a0670c9-9ee3-49f9-9336-713b5d300733.MOBGVAPXGPFUDHYK.SEARCH&ppt=None&ppn=None&ssid=ple6c46n3k0000001703701038096&qH=eb4af0bf07c16429,Infinix SMART 8 HD,64 GB,3 GB,64 GB,Not Expandable,16.76 cm,HD,13.0MP,8MP,Infinix
10999,8999,18% off,4.3,57627,2536,5000.0,T612 Processor,1.0,https://www.flipkart.com/realme-c51-carbon-black-64-gb/p/itm0e93bcb87927f?pid=MOBGSQGGZ7HQMEZD&lid=LSTMOBGSQGGZ7HQMEZDQMM5MX&marketplace=FLIPKART&q=mobiles&store=tyy%2F4io&srno=s_2_36&otracker=search&otracker1=search&fm=organic&iid=6a0670c9-9ee3-49f9-9336-713b5d300733.MOBGSQGGZ7HQMEZD.SEARCH&ppt=None&ppn=None&ssid=ple6c46n3k0000001703701038096&qH=eb4af0bf07c16429,realme C51,64 GB,4 GB,64 GB,Not Expandable,17.12 cm,HD,50.08MP,5MP,realme
22999,18999,17% off,4.2,25895,2707,5000.0,Snapdragon 695 Processor,1.0,https://www.flipkart.com/motorola-g84-5g-midnight-blue-256-gb/p/itm30dd9d1ed8bb8?pid=MOBGQFX68CXMTSGK&lid=LSTMOBGQFX68CXMTSGK7PXRBT&marketplace=FLIPKART&q=mobiles&store=tyy%2F4io&srno=s_2_37&otracker=search&otracker1=search&fm=organic&iid=6a0670c9-9ee3-49f9-9336-713b5d300733.MOBGQFX68CXMTSGK.SEARCH&ppt=None&ppn=None&ssid=ple6c46n3k0000001703701038096&qH=eb4af0bf07c16429,MOTOROLA g84 5G,256 GB,12 GB,256 GB,Not Expandable,16.64 cm,Full HD,58.0MP,16MP,MOTOROLA
27999,22999,17% off,4.4,16546,2285,5000.0,Dimensity 7030 Processor,1.0,https://www.flipkart.com/motorola-edge-40-neo-caneel-bay-128-gb/p/itm122f351a3a2a3?pid=MOBGQFX6K7YQJRSY&lid=LSTMOBGQFX6K7YQJRSY6BK1PK&marketplace=FLIPKART&q=mobiles&store=tyy%2F4io&srno=s_2_38&otracker=search&otracker1=search&fm=organic&iid=6a0670c9-9ee3-49f9-9336-713b5d300733.MOBGQFX6K7YQJRSY.SEARCH&ppt=None&ppn=None&ssid=ple6c46n3k0000001703701038096&qH=eb4af0bf07c16429,MOTOROLA Edge 40 Neo,128 GB,8 GB,128 GB,Not Expandable,16.64 cm,Full HD,63.0MP,32MP,MOTOROLA
7999,6299,21% off,4.4,4122,395,5000.0,T606 Processor,1.0,https://www.flipkart.com/infinix-smart-8-hd-shiny-gold-64-gb/p/itm709d885ba6ac1?pid=MOBGVAPXG4WHFR9M&lid=LSTMOBGVAPXG4WHFR9MJIYCWG&marketplace=FLIPKART&q=mobiles&store=tyy%2F4io&srno=s_2_39&otracker=search&otracker1=search&fm=organic&iid=6a0670c9-9ee3-49f9-9336-713b5d300733.MOBGVAPXG4WHFR9M.SEARCH&ppt=None&ppn=None&ssid=ple6c46n3k0000001703701038096&qH=eb4af0bf07c16429,Infinix SMART 8 HD,64 GB,3 GB,64 GB,Not Expandable,16.76 cm,HD,13.0MP,8MP,Infinix
15999,10999,31% off,4.3,48265,3214,5000.0,Snapdragon 4 Gen 2 Processor,1.0,https://www.flipkart.com/poco-m6-pro-5g-power-black-128-gb/p/itm5b122ff13027f?pid=MOBGRNZ3FX5XNR2T&lid=LSTMOBGRNZ3FX5XNR2TILGJYM&marketplace=FLIPKART&q=mobiles&store=tyy%2F4io&srno=s_2_41&otracker=search&otracker1=search&fm=organic&iid=6a0670c9-9ee3-49f9-9336-713b5d300733.MOBGRNZ3FX5XNR2T.SEARCH&ppt=None&ppn=None&ssid=ple6c46n3k0000001703701038096&qH=eb4af0bf07c16429,POCO M6 Pro 5G,128 GB,4 GB,128 GB,Not Expandable,17.25 cm,Full HD,52.0MP,8MP,POCO
18999,9999,47% off,4.1,100,8387,5000.0,Qualcomm Snapdragon 680 Processor,1.0,https://www.flipkart.com/motorola-g32-mineral-gray-128-gb/p/itm6061450cb40ac?pid=MOBGM2EHJUTMXMFV&lid=LSTMOBGM2EHJUTMXMFVL5MPKC&marketplace=FLIPKART&q=mobiles&store=tyy%2F4io&srno=s_2_43&otracker=search&otracker1=search&fm=organic&iid=6a0670c9-9ee3-49f9-9336-713b5d300733.MOBGM2EHJUTMXMFV.SEARCH&ppt=None&ppn=None&ssid=ple6c46n3k0000001703701038096&qH=eb4af0bf07c16429,MOTOROLA G32,128 GB,8 GB,128 GB,Not Expandable,16.51 cm,Full HD,60.0MP,16MP,MOTOROLA
18490,13490,27% off,4.2,77490,5527,6000.0,"Exynos 1330, Octa Core Processor",1.0,https://www.flipkart.com/samsung-galaxy-f14-5g-goat-green-128-gb/p/itm032d1a69999cc?pid=MOBGNBFNDPGNJ7HY&lid=LSTMOBGNBFNDPGNJ7HYRCCFUH&marketplace=FLIPKART&q=mobiles&store=tyy%2F4io&srno=s_2_44&otracker=search&otracker1=search&fm=organic&iid=6a0670c9-9ee3-49f9-9336-713b5d300733.MOBGNBFNDPGNJ7HY.SEARCH&ppt=None&ppn=None&ssid=ple6c46n3k0000001703701038096&qH=eb4af0bf07c16429,SAMSUNG Galaxy F14 5G,128 GB,6 GB,128 GB,Not Expandable,16.76 cm,Full HD,52.0MP,13MP,SAMSUNG
11999,6499,45% off,4.2,88477,5431,5000.0,Mediatek Helio G85 Processor,1.0,https://www.flipkart.com/poco-c55-cool-blue-64-gb/p/itm166c52f5d5dc0?pid=MOBGMXSW55C7ZJE7&lid=LSTMOBGMXSW55C7ZJE79KIZDX&marketplace=FLIPKART&q=mobiles&store=tyy%2F4io&srno=s_2_45&otracker=search&otracker1=search&fm=organic&iid=6a0670c9-9ee3-49f9-9336-713b5d300733.MOBGMXSW55C7ZJE7.SEARCH&ppt=None&ppn=None&ssid=ple6c46n3k0000001703701038096&qH=eb4af0bf07c16429,POCO C55,64 GB,4 GB,64 GB,Not Expandable,17.04 cm,HD,50.0MP,5MP,POCO
27999,24999,10% off,4.5,49963,4480,4600.0,Dimensity 7200 Processor,1.0,https://www.flipkart.com/vivo-t2-pro-5g-dune-gold-256-gb/p/itm1230688cdef18?pid=MOBGT4RZUPKD8HDK&lid=LSTMOBGT4RZUPKD8HDK4QMUBF&marketplace=FLIPKART&q=mobiles&store=tyy%2F4io&srno=s_2_46&otracker=search&otracker1=search&fm=organic&iid=6a0670c9-9ee3-49f9-9336-713b5d300733.MOBGT4RZUPKD8HDK.SEARCH&ppt=None&ppn=None&ssid=ple6c46n3k0000001703701038096&qH=eb4af0bf07c16429,vivo T2 Pro 5G,256 GB,8 GB,256 GB,Not Expandable,17.22 cm,Full HD,66.0MP,16MP,vivo
14999,9499,36% off,4.3,85241,4691,5000.0,Helio G88 Processor,1.0,https://www.flipkart.com/redmi-12-moonstone-silver-128-gb/p/itme52e778c12701?pid=MOBGRMFK2MGRNG4Q&lid=LSTMOBGRMFK2MGRNG4QLTOTUC&marketplace=FLIPKART&q=mobiles&store=tyy%2F4io&srno=s_2_47&otracker=search&otracker1=search&fm=organic&iid=6a0670c9-9ee3-49f9-9336-713b5d300733.MOBGRMFK2MGRNG4Q.SEARCH&ppt=None&ppn=None&ssid=ple6c46n3k0000001703701038096&qH=eb4af0bf07c16429,REDMI 12,128 GB,4 GB,128 GB,Not Expandable,17.25 cm,Full HD,60.0MP,8MP,REDMI
27999,22999,17% off,4.4,16546,2285,5000.0,Dimensity 7030 Processor,1.0,https://www.flipkart.com/motorola-edge-40-neo-black-beauty-128-gb/p/itm01cc46d96a79f?pid=MOBGQFX6JGTWFSGD&lid=LSTMOBGQFX6JGTWFSGDTXTCZS&marketplace=FLIPKART&q=mobiles&store=tyy%2F4io&srno=s_2_48&otracker=search&otracker1=search&fm=organic&iid=6a0670c9-9ee3-49f9-9336-713b5d300733.MOBGQFX6JGTWFSGD.SEARCH&ppt=None&ppn=None&ssid=ple6c46n3k0000001703701038096&qH=eb4af0bf07c16429,MOTOROLA Edge 40 Neo,128 GB,8 GB,128 GB,Not Expandable,16.64 cm,Full HD,63.0MP,32MP,MOTOROLA
11999,9499,20% off,4.3,57627,2536,5000.0,T612 Processor,1.0,https://www.flipkart.com/realme-c51-mint-green-128-gb/p/itm0e93bcb87927f?pid=MOBGU8PYH4CHK2YS&lid=LSTMOBGU8PYH4CHK2YS1LE0D5&marketplace=FLIPKART&q=mobiles&store=tyy%2F4io&srno=s_6_122&otracker=search&otracker1=search&fm=organic&iid=2ac08880-4423-44e0-bcd3-b3762e6bcfd1.MOBGU8PYH4CHK2YS.SEARCH&ppt=None&ppn=None&ssid=ys9ijmivwg0000001703699004997&qH=eb4af0bf07c16429,realme C51,128 GB,4 GB,128 GB,Not Expandable,17.12 cm,HD,50.08MP,5MP,realme
18490,13490,27% off,4.2,77490,5527,6000.0,"Exynos 1330, Octa Core Processor",1.0,https://www.flipkart.com/samsung-galaxy-f14-5g-b-a-e-purple-128-gb/p/itmdc1c60aa887ff?pid=MOBGNBFNNZER2WZW&lid=LSTMOBGNBFNNZER2WZWDG8CJ0&marketplace=FLIPKART&q=mobiles&store=tyy%2F4io&srno=s_6_123&otracker=search&otracker1=search&fm=organic&iid=2ac08880-4423-44e0-bcd3-b3762e6bcfd1.MOBGNBFNNZER2WZW.SEARCH&ppt=None&ppn=None&ssid=ys9ijmivwg0000001703699004997&qH=eb4af0bf07c16429,SAMSUNG Galaxy F14 5G,128 GB,6 GB,128 GB,Not Expandable,16.76 cm,Full HD,52.0MP,13MP,SAMSUNG
12999,9999,23% off,4.4,86901,3923,5000.0,T612 Processor,1.0,https://www.flipkart.com/realme-c53-champion-black-64-gb/p/itm5df90168ecd05?pid=MOBGQY93HQSAGAXG&lid=LSTMOBGQY93HQSAGAXGQLZ2WK&marketplace=FLIPKART&q=mobiles&store=tyy%2F4io&srno=s_6_124&otracker=search&otracker1=search&fm=organic&iid=2ac08880-4423-44e0-bcd3-b3762e6bcfd1.MOBGQY93HQSAGAXG.SEARCH&ppt=None&ppn=None&ssid=ys9ijmivwg0000001703699004997&qH=eb4af0bf07c16429,realme C53,64 GB,6 GB,64 GB,Not Expandable,17.12 cm,HD,110.0MP,8MP,realme
11999,9499,20% off,4.3,57627,2536,5000.0,T612 Processor,1.0,https://www.flipkart.com/realme-c51-carbon-black-128-gb/p/itm0e93bcb87927f?pid=MOBGU8PYQNEGCN7H&lid=LSTMOBGU8PYQNEGCN7HXECFNQ&marketplace=FLIPKART&q=mobiles&store=tyy%2F4io&srno=s_6_125&otracker=search&otracker1=search&fm=organic&iid=2ac08880-4423-44e0-bcd3-b3762e6bcfd1.MOBGU8PYQNEGCN7H.SEARCH&ppt=None&ppn=None&ssid=ys9ijmivwg0000001703699004997&qH=eb4af0bf07c16429,realme C51,128 GB,4 GB,128 GB,Not Expandable,17.12 cm,HD,50.08MP,5MP,realme
10999,7499,31% off,4.1,23486,1449,5000.0,Unisoc T606 Processor,1.0,https://www.flipkart.com/motorola-e13-cosmic-black-128-gb/p/itm04a41c3c76631?pid=MOBGQFX6SFZXR7PK&lid=LSTMOBGQFX6SFZXR7PK0Y2ZR0&marketplace=FLIPKART&q=mobiles&store=tyy%2F4io&srno=s_6_126&otracker=search&otracker1=search&fm=organic&iid=2ac08880-4423-44e0-bcd3-b3762e6bcfd1.MOBGQFX6SFZXR7PK.SEARCH&ppt=None&ppn=None&ssid=ys9ijmivwg0000001703699004997&qH=eb4af0bf07c16429,MOTOROLA e13,128 GB,8 GB,128 GB,Not Expandable,16.51 cm,HD,13.0MP,5MP,MOTOROLA
11999,9999,16% off,4.1,18111,1309,5000.0,T612 Processor,1.0,https://www.flipkart.com/realme-c53-champion-gold-128-gb/p/itm5df90168ecd05?pid=MOBGQY93QMZFZJVN&lid=LSTMOBGQY93QMZFZJVNMUBTHX&marketplace=FLIPKART&q=mobiles&store=tyy%2F4io&srno=s_6_127&otracker=search&otracker1=search&fm=organic&iid=2ac08880-4423-44e0-bcd3-b3762e6bcfd1.MOBGQY93QMZFZJVN.SEARCH&ppt=None&ppn=None&ssid=ys9ijmivwg0000001703699004997&qH=eb4af0bf07c16429,realme C53,128 GB,4 GB,128 GB,Not Expandable,17.12 cm,HD,110.0MP,8MP,realme
17999,13499,25% off,4.4,1570,82,5000.0,Snapdragon 4 Gen 2 Processor,1.0,https://www.flipkart.com/poco-m6-pro-5g-forest-green-256-gb/p/itm5600e7d7f5ddc?pid=MOBGVGDQ5JZ9YX2G&lid=LSTMOBGVGDQ5JZ9YX2GMH9CUM&marketplace=FLIPKART&q=mobiles&store=tyy%2F4io&srno=s_6_128&otracker=search&otracker1=search&fm=organic&iid=2ac08880-4423-44e0-bcd3-b3762e6bcfd1.MOBGVGDQ5JZ9YX2G.SEARCH&ppt=None&ppn=None&ssid=ys9ijmivwg0000001703699004997&qH=eb4af0bf07c16429,POCO M6 Pro 5G,256 GB,8 GB,256 GB,Not Expandable,17.25 cm,Full HD,52.0MP,8MP,POCO
17999,14499,19% off,4.1,3903,411,5000.0,Dimensity 6080 Processor,1.0,https://www.flipkart.com/infinix-note-30-5g-sunset-gold-128-gb/p/itm12c179f0a6281?pid=MOBGQ9HPVTGHZCQG&lid=LSTMOBGQ9HPVTGHZCQGQFEYKE&marketplace=FLIPKART&q=mobiles&store=tyy%2F4io&srno=s_6_130&otracker=search&otracker1=search&fm=organic&iid=2ac08880-4423-44e0-bcd3-b3762e6bcfd1.MOBGQ9HPVTGHZCQG.SEARCH&ppt=None&ppn=None&ssid=ys9ijmivwg0000001703699004997&qH=eb4af0bf07c16429,Infinix Note 30 5G,128 GB,4 GB,128 GB,Not Expandable,17.22 cm,Full HD,UnknownMP,16MP,Infinix
23999,13999,41% off,4.2,18670,1395,5000.0,Qualcomm Snapdragon 695 Processor,1.0,https://www.flipkart.com/poco-x5-5g-supernova-green-256-gb/p/itm275923a52e6c2?pid=MOBGNBFBABFZR3UR&lid=LSTMOBGNBFBABFZR3URHDBBIS&marketplace=FLIPKART&q=mobiles&store=tyy%2F4io&srno=s_6_131&otracker=search&otracker1=search&fm=organic&iid=2ac08880-4423-44e0-bcd3-b3762e6bcfd1.MOBGNBFBABFZR3UR.SEARCH&ppt=None&ppn=None&ssid=ys9ijmivwg0000001703699004997&qH=eb4af0bf07c16429,POCO X5 5G,256 GB,8 GB,256 GB,Not Expandable,16.94 cm,Full HD,58.0MP,13MP,POCO
33999,27999,17% off,4.2,18717,1923,4980.0,Mediatek Dimensity 1080 Processor,1.0,https://www.flipkart.com/redmi-note-12-pro-5g-obsidian-black-256-gb/p/itm91af760b68910?pid=MOBGH2UVUGR9N5FW&lid=LSTMOBGH2UVUGR9N5FWGK3I2U&marketplace=FLIPKART&q=mobiles&store=tyy%2F4io&srno=s_6_133&otracker=search&otracker1=search&fm=organic&iid=2ac08880-4423-44e0-bcd3-b3762e6bcfd1.MOBGH2UVUGR9N5FW.SEARCH&ppt=None&ppn=None&ssid=ys9ijmivwg0000001703699004997&qH=eb4af0bf07c16429,REDMI Note 12 Pro+ 5G,256 GB,8 GB,256 GB,Not Expandable,16.94 cm,AMOLED,210.0MP,16MP,REDMI
2699,1787,33% off,4.0,5303,398,800.0,0 0 0 208MHz Processor,1.0,https://www.flipkart.com/samsung-guru-music-2/p/itm2c9ea56f8959f?pid=MOBGAFCZ7FDHRZRE&lid=LSTMOBGAFCZ7FDHRZRERZZYCM&marketplace=FLIPKART&q=mobiles&store=tyy%2F4io&srno=s_6_134&otracker=search&otracker1=search&fm=organic&iid=2ac08880-4423-44e0-bcd3-b3762e6bcfd1.MOBGAFCZ7FDHRZRE.SEARCH&ppt=None&ppn=None&ssid=ys9ijmivwg0000001703699004997&qH=eb4af0bf07c16429,SAMSUNG GURU MUSIC 2,Unknown,Unknown,0 GB,16 GB,5.08 cm,Normal Display,0.0MP,0MP,SAMSUNG
27999,21999,21% off,4.2,51378,4866,5000.0,Mediatek Dimensity 1080 Processor,1.0,https://www.flipkart.com/redmi-note-12-pro-5g-glacier-blue-128-gb/p/itm8fbee21008560?pid=MOBGH2UVZHHQGRRP&lid=LSTMOBGH2UVZHHQGRRPHJOZCG&marketplace=FLIPKART&q=mobiles&store=tyy%2F4io&srno=s_6_135&otracker=search&otracker1=search&fm=organic&iid=2ac08880-4423-44e0-bcd3-b3762e6bcfd1.MOBGH2UVZHHQGRRP.SEARCH&ppt=None&ppn=None&ssid=ys9ijmivwg0000001703699004997&qH=eb4af0bf07c16429,REDMI Note 12 Pro 5G,128 GB,6 GB,128 GB,Not Expandable,16.94 cm,AMOLED,60.0MP,16MP,REDMI
17999,13499,25% off,4.4,1570,82,5000.0,Snapdragon 4 Gen 2 Processor,1.0,https://www.flipkart.com/poco-m6-pro-5g-power-black-256-gb/p/itme40c1e1538153?pid=MOBGVGDQ5MV3HPEZ&lid=LSTMOBGVGDQ5MV3HPEZ6BAJSL&marketplace=FLIPKART&q=mobiles&store=tyy%2F4io&srno=s_6_136&otracker=search&otracker1=search&fm=organic&iid=2ac08880-4423-44e0-bcd3-b3762e6bcfd1.MOBGVGDQ5MV3HPEZ.SEARCH&ppt=None&ppn=None&ssid=ys9ijmivwg0000001703699004997&qH=eb4af0bf07c16429,POCO M6 Pro 5G,256 GB,8 GB,256 GB,Not Expandable,17.25 cm,Full HD,52.0MP,8MP,POCO
13999,10999,21% off,4.4,86901,3923,5000.0,T612 Processor,1.0,https://www.flipkart.com/realme-c53-champion-black-128-gb/p/itm5df90168ecd05?pid=MOBGTEVGGM7CTGXU&lid=LSTMOBGTEVGGM7CTGXUWKURLB&marketplace=FLIPKART&q=mobiles&store=tyy%2F4io&srno=s_6_138&otracker=search&otracker1=search&fm=organic&iid=2ac08880-4423-44e0-bcd3-b3762e6bcfd1.MOBGTEVGGM7CTGXU.SEARCH&ppt=None&ppn=None&ssid=ys9ijmivwg0000001703699004997&qH=eb4af0bf07c16429,realme C53,128 GB,6 GB,128 GB,Not Expandable,17.12 cm,HD,110.0MP,8MP,realme
9999,6999,30% off,4.3,126,6444,6000.0,Unisoc Spreadtrum SC9863A1 Processor,1.0,https://www.flipkart.com/infinix-smart-7-azure-blue-64-gb/p/itm7b72b66485a59?pid=MOBGMTW2WYG2A2FM&lid=LSTMOBGMTW2WYG2A2FMAZGXKU&marketplace=FLIPKART&q=mobiles&store=tyy%2F4io&srno=s_6_139&otracker=search&otracker1=search&fm=organic&iid=2ac08880-4423-44e0-bcd3-b3762e6bcfd1.MOBGMTW2WYG2A2FM.SEARCH&ppt=None&ppn=None&ssid=ys9ijmivwg0000001703699004997&qH=eb4af0bf07c16429,Infinix SMART 7,64 GB,4 GB,64 GB,Not Expandable,16.76 cm,HD,13.0MP,5MP,Infinix
9999,6999,30% off,4.3,126,6444,6000.0,Unisoc Spreadtrum SC9863A1 Processor,1.0,https://www.flipkart.com/infinix-smart-7-night-black-64-gb/p/itm7b72b66485a59?pid=MOBGMTW2T7W2UPB9&lid=LSTMOBGMTW2T7W2UPB99HTRS1&marketplace=FLIPKART&q=mobiles&store=tyy%2F4io&srno=s_6_140&otracker=search&otracker1=search&fm=organic&iid=2ac08880-4423-44e0-bcd3-b3762e6bcfd1.MOBGMTW2T7W2UPB9.SEARCH&ppt=None&ppn=None&ssid=ys9ijmivwg0000001703699004997&qH=eb4af0bf07c16429,Infinix SMART 7,64 GB,4 GB,64 GB,Not Expandable,16.76 cm,HD,13.0MP,5MP,Infinix
10999,7299,33% off,4.3,126,6444,6000.0,Unisoc Spreadtrum SC9863A1 Processor,1.0,https://www.flipkart.com/infinix-smart-7-azure-blue-128-gb/p/itm7b72b66485a59?pid=MOBGRH6Y386CENMX&lid=LSTMOBGRH6Y386CENMXT973RF&marketplace=FLIPKART&q=mobiles&store=tyy%2F4io&srno=s_6_141&otracker=search&otracker1=search&fm=organic&iid=2ac08880-4423-44e0-bcd3-b3762e6bcfd1.MOBGRH6Y386CENMX.SEARCH&ppt=None&ppn=None&ssid=ys9ijmivwg0000001703699004997&qH=eb4af0bf07c16429,Infinix SMART 7,128 GB,4 GB,128 GB,512 GB,16.76 cm,HD,13.0MP,5MP,Infinix
9999,6999,30% off,4.3,126,6444,6000.0,Unisoc Spreadtrum SC9863A1 Processor,1.0,https://www.flipkart.com/infinix-smart-7-emerald-green-64-gb/p/itm7b72b66485a59?pid=MOBGMTW2HFCMQY35&lid=LSTMOBGMTW2HFCMQY35R7FJQZ&marketplace=FLIPKART&q=mobiles&store=tyy%2F4io&srno=s_6_142&otracker=search&otracker1=search&fm=organic&iid=2ac08880-4423-44e0-bcd3-b3762e6bcfd1.MOBGMTW2HFCMQY35.SEARCH&ppt=None&ppn=None&ssid=ys9ijmivwg0000001703699004997&qH=eb4af0bf07c16429,Infinix SMART 7,64 GB,4 GB,64 GB,Not Expandable,16.76 cm,HD,13.0MP,5MP,Infinix
18999,11999,36% off,4.2,51724,3601,5000.0,Mediatek Dimensity 700 Processor,1.0,https://www.flipkart.com/poco-m4-5g-cool-blue-128-gb/p/itm1603244ab4f2e?pid=MOBGDRGPUMTED5D5&lid=LSTMOBGDRGPUMTED5D5B907AY&marketplace=FLIPKART&q=mobiles&store=tyy%2F4io&srno=s_6_143&otracker=search&otracker1=search&fm=organic&iid=2ac08880-4423-44e0-bcd3-b3762e6bcfd1.MOBGDRGPUMTED5D5.SEARCH&ppt=None&ppn=None&ssid=ys9ijmivwg0000001703699004997&qH=eb4af0bf07c16429,POCO M4 5G,128 GB,6 GB,128 GB,512 GB,16.71 cm,Full HD,52.0MP,8MP,POCO
11499,7499,34% off,4.2,87100,4943,5000.0,Mediatek Helio P35 Processor,1.0,https://www.flipkart.com/samsung-galaxy-f04-opal-green-64-gb/p/itmd0c05f8b03876?pid=MOBGKY2V7QZ2QVFS&lid=LSTMOBGKY2V7QZ2QVFSGOGYVU&marketplace=FLIPKART&q=mobiles&store=tyy%2F4io&srno=s_6_144&otracker=search&otracker1=search&fm=organic&iid=2ac08880-4423-44e0-bcd3-b3762e6bcfd1.MOBGKY2V7QZ2QVFS.SEARCH&ppt=None&ppn=None&ssid=ys9ijmivwg0000001703699004997&qH=eb4af0bf07c16429,SAMSUNG Galaxy F04,64 GB,4 GB,64 GB,Not Expandable,16.51 cm,HD,15.0MP,5MP,SAMSUNG
9999,6999,30% off,4.3,126,6444,6000.0,Unisoc Spreadtrum SC9863A1 Processor,1.0,https://www.flipkart.com/infinix-smart-7-emerald-green-64-gb/p/itm7b72b66485a59?pid=MOBGMTW2HFCMQY35&lid=LSTMOBGMTW2HFCMQY35R7FJQZ&marketplace=FLIPKART&q=mobiles&store=tyy%2F4io&srno=s_7_145&otracker=search&otracker1=search&fm=organic&iid=eb027881-b7d9-44e2-b3fa-47bb69d340e5.MOBGMTW2HFCMQY35.SEARCH&ppt=None&ppn=None&ssid=rhlr2quxdc0000001703699011295&qH=eb4af0bf07c16429,Infinix SMART 7,64 GB,4 GB,64 GB,Not Expandable,16.76 cm,HD,13.0MP,5MP,Infinix
18999,11999,36% off,4.2,51724,3601,5000.0,Mediatek Dimensity 700 Processor,1.0,https://www.flipkart.com/poco-m4-5g-cool-blue-128-gb/p/itm1603244ab4f2e?pid=MOBGDRGPUMTED5D5&lid=LSTMOBGDRGPUMTED5D5B907AY&marketplace=FLIPKART&q=mobiles&store=tyy%2F4io&srno=s_7_146&otracker=search&otracker1=search&fm=organic&iid=eb027881-b7d9-44e2-b3fa-47bb69d340e5.MOBGDRGPUMTED5D5.SEARCH&ppt=None&ppn=None&ssid=rhlr2quxdc0000001703699011295&qH=eb4af0bf07c16429,POCO M4 5G,128 GB,6 GB,128 GB,512 GB,16.71 cm,Full HD,52.0MP,8MP,POCO
11499,7499,34% off,4.2,87100,4943,5000.0,Mediatek Helio P35 Processor,1.0,https://www.flipkart.com/samsung-galaxy-f04-opal-green-64-gb/p/itmd0c05f8b03876?pid=MOBGKY2V7QZ2QVFS&lid=LSTMOBGKY2V7QZ2QVFSGOGYVU&marketplace=FLIPKART&q=mobiles&store=tyy%2F4io&srno=s_7_147&otracker=search&otracker1=search&fm=organic&iid=eb027881-b7d9-44e2-b3fa-47bb69d340e5.MOBGKY2V7QZ2QVFS.SEARCH&ppt=None&ppn=None&ssid=rhlr2quxdc0000001703699011295&qH=eb4af0bf07c16429,SAMSUNG Galaxy F04,64 GB,4 GB,64 GB,Not Expandable,16.51 cm,HD,15.0MP,5MP,SAMSUNG
29999,24999,16% off,4.3,27719,3922,5000.0,Dimensity 7030 Processor,1.0,https://www.flipkart.com/motorola-edge-40-neo-black-beauty-256-gb/p/itmd1cc863c7e37a?pid=MOBGQFX6FXEZ3GCE&lid=LSTMOBGQFX6FXEZ3GCEQGSJBA&marketplace=FLIPKART&q=mobiles&store=tyy%2F4io&srno=s_7_148&otracker=search&otracker1=search&fm=organic&iid=eb027881-b7d9-44e2-b3fa-47bb69d340e5.MOBGQFX6FXEZ3GCE.SEARCH&ppt=None&ppn=None&ssid=rhlr2quxdc0000001703699011295&qH=eb4af0bf07c16429,MOTOROLA Edge 40 Neo,256 GB,12 GB,256 GB,Not Expandable,16.64 cm,Full HD,63.0MP,32MP,MOTOROLA
10999,6999,36% off,4.1,2967,153,5000.0,Helio G36 Processor,1.0,https://www.flipkart.com/poco-c51-power-black-128-gb/p/itma7b694266a136?pid=MOBGSPJPH3UZHMEQ&lid=LSTMOBGSPJPH3UZHMEQAWJ6LR&marketplace=FLIPKART&q=mobiles&store=tyy%2F4io&srno=s_7_149&otracker=search&otracker1=search&fm=organic&iid=eb027881-b7d9-44e2-b3fa-47bb69d340e5.MOBGSPJPH3UZHMEQ.SEARCH&ppt=None&ppn=None&ssid=rhlr2quxdc0000001703699011295&qH=eb4af0bf07c16429,POCO C51,128 GB,6 GB,128 GB,Not Expandable,16.56 cm,HD,8.0MP,5MP,POCO
15999,10999,31% off,4.3,48265,3214,5000.0,Snapdragon 4 Gen 2 Processor,1.0,https://www.flipkart.com/poco-m6-pro-5g-forest-green-128-gb/p/itmdd5c70c99f5b2?pid=MOBGRNZ3534YGMDR&lid=LSTMOBGRNZ3534YGMDRKLKLEM&marketplace=FLIPKART&q=mobiles&store=tyy%2F4io&srno=s_7_150&otracker=search&otracker1=search&fm=organic&iid=eb027881-b7d9-44e2-b3fa-47bb69d340e5.MOBGRNZ3534YGMDR.SEARCH&ppt=None&ppn=None&ssid=rhlr2quxdc0000001703699011295&qH=eb4af0bf07c16429,POCO M6 Pro 5G,128 GB,4 GB,128 GB,Not Expandable,17.25 cm,Full HD,52.0MP,8MP,POCO
17490,11990,31% off,4.2,32009,2115,6000.0,"Exynos 1330, Octa Core Processor",1.0,https://www.flipkart.com/samsung-galaxy-f14-5g-omg-black-128-gb/p/itm0d3b7a1452e4c?pid=MOBGNBFNDYQR9WH4&lid=LSTMOBGNBFNDYQR9WH4WXOLMD&marketplace=FLIPKART&q=mobiles&store=tyy%2F4io&srno=s_7_151&otracker=search&otracker1=search&fm=organic&iid=eb027881-b7d9-44e2-b3fa-47bb69d340e5.MOBGNBFNDYQR9WH4.SEARCH&ppt=None&ppn=None&ssid=rhlr2quxdc0000001703699011295&qH=eb4af0bf07c16429,SAMSUNG Galaxy F14 5G,128 GB,4 GB,128 GB,Not Expandable,16.76 cm,Full HD,52.0MP,13MP,SAMSUNG
10999,6999,36% off,4.1,2967,153,5000.0,Helio G36 Processor,1.0,https://www.flipkart.com/poco-c51-royal-blue-128-gb/p/itm9ade6427024be?pid=MOBGSPJPFSS9JJDW&lid=LSTMOBGSPJPFSS9JJDWVAIRSD&marketplace=FLIPKART&q=mobiles&store=tyy%2F4io&srno=s_7_152&otracker=search&otracker1=search&fm=organic&iid=eb027881-b7d9-44e2-b3fa-47bb69d340e5.MOBGSPJPFSS9JJDW.SEARCH&ppt=None&ppn=None&ssid=rhlr2quxdc0000001703699011295&qH=eb4af0bf07c16429,POCO C51,128 GB,6 GB,128 GB,Not Expandable,16.56 cm,HD,8.0MP,5MP,POCO
30999,27999,9% off,4.3,1736,152,5000.0,Dimensity 7050 Processor,1.0,https://www.flipkart.com/realme-11-pro-5g-astral-black-256-gb/p/itm3f783627a36ec?pid=MOBGPUNGDGRHGTDW&lid=LSTMOBGPUNGDGRHGTDWGNQYBK&marketplace=FLIPKART&q=mobiles&store=tyy%2F4io&srno=s_7_153&otracker=search&otracker1=search&fm=organic&iid=eb027881-b7d9-44e2-b3fa-47bb69d340e5.MOBGPUNGDGRHGTDW.SEARCH&ppt=None&ppn=None&ssid=rhlr2quxdc0000001703699011295&qH=eb4af0bf07c16429,realme 11 Pro 5G,256 GB,12 GB,256 GB,Not Expandable,17.02 cm,Full HD,102.0MP,16MP,realme
17490,11990,31% off,4.2,32009,2115,6000.0,"Exynos 1330, Octa Core Processor",1.0,https://www.flipkart.com/samsung-galaxy-f14-5g-b-a-e-purple-128-gb/p/itmb10cf3ff01be8?pid=MOBGNBFNHKNP8XFG&lid=LSTMOBGNBFNHKNP8XFGW6VKDB&marketplace=FLIPKART&q=mobiles&store=tyy%2F4io&srno=s_7_155&otracker=search&otracker1=search&fm=organic&iid=eb027881-b7d9-44e2-b3fa-47bb69d340e5.MOBGNBFNHKNP8XFG.SEARCH&ppt=None&ppn=None&ssid=rhlr2quxdc0000001703699011295&qH=eb4af0bf07c16429,SAMSUNG Galaxy F14 5G,128 GB,4 GB,128 GB,Not Expandable,16.76 cm,Full HD,52.0MP,13MP,SAMSUNG
11999,8299,30% off,4.2,132,7553,5000.0,G37 Processor,1.0,https://www.flipkart.com/infinix-hot-30i-marigold-128-gb/p/itm8b42a43b35895?pid=MOBGNPK2GNWPUGWW&lid=LSTMOBGNPK2GNWPUGWWWTPN01&marketplace=FLIPKART&q=mobiles&store=tyy%2F4io&srno=s_7_156&otracker=search&otracker1=search&fm=organic&iid=eb027881-b7d9-44e2-b3fa-47bb69d340e5.MOBGNPK2GNWPUGWW.SEARCH&ppt=None&ppn=None&ssid=rhlr2quxdc0000001703699011295&qH=eb4af0bf07c16429,Infinix HOT 30i,128 GB,8 GB,128 GB,Not Expandable,16.76 cm,HD,50.0MP,5MP,Infinix
21999,16999,22% off,4.2,12408,897,5000.0,Qualcomm Snapdragon 4 Gen 1 Processor,1.0,https://www.flipkart.com/redmi-note-12-5g-sunrise-gold-128-gb/p/itm7469fb9d2c5bf?pid=MOBGRM9XDHZ2BVMH&lid=LSTMOBGRM9XDHZ2BVMHHWJVBZ&marketplace=FLIPKART&q=mobiles&store=tyy%2F4io&srno=s_7_158&otracker=search&otracker1=search&fm=organic&iid=eb027881-b7d9-44e2-b3fa-47bb69d340e5.MOBGRM9XDHZ2BVMH.SEARCH&ppt=None&ppn=None&ssid=rhlr2quxdc0000001703699011295&qH=eb4af0bf07c16429,REDMI Note 12 5G,128 GB,6 GB,128 GB,Not Expandable,16.94 cm,AMOLED,58.0MP,13MP,REDMI
21999,10999,50% off,4.1,54467,4716,5000.0,Qualcomm Snapdragon 695 5G Processor,1.0,https://www.flipkart.com/motorola-g62-5g-midnight-gray-128-gb/p/itm37da299ffb2d0?pid=MOBGEDT5ZZMZQZSJ&lid=LSTMOBGEDT5ZZMZQZSJFXDZSQ&marketplace=FLIPKART&q=mobiles&store=tyy%2F4io&srno=s_7_159&otracker=search&otracker1=search&fm=organic&iid=eb027881-b7d9-44e2-b3fa-47bb69d340e5.MOBGEDT5ZZMZQZSJ.SEARCH&ppt=None&ppn=None&ssid=rhlr2quxdc0000001703699011295&qH=eb4af0bf07c16429,MOTOROLA G62 5G,128 GB,6 GB,128 GB,Not Expandable,16.64 cm,Full HD,60.0MP,16MP,MOTOROLA
12999,8499,34% off,4.2,14490,1385,5000.0,Mediatek Helio G85 Processor,1.0,https://www.flipkart.com/infinix-note-12i-force-black-64-gb/p/itmf9bf9f4663d76?pid=MOBGHXSMGZTRYYVY&lid=LSTMOBGHXSMGZTRYYVY0LVBSW&marketplace=FLIPKART&q=mobiles&store=tyy%2F4io&srno=s_7_160&otracker=search&otracker1=search&fm=organic&iid=eb027881-b7d9-44e2-b3fa-47bb69d340e5.MOBGHXSMGZTRYYVY.SEARCH&ppt=None&ppn=None&ssid=rhlr2quxdc0000001703699011295&qH=eb4af0bf07c16429,Infinix NOTE 12i,64 GB,4 GB,64 GB,512 GB,17.02 cm,AMOLED,UnknownMP,8MP,Infinix
17999,14499,19% off,4.1,3903,411,5000.0,Dimensity 6080 Processor,1.0,https://www.flipkart.com/infinix-note-30-5g-magic-black-128-gb/p/itm12c179f0a6281?pid=MOBGQ9HPMWYHPWY2&lid=LSTMOBGQ9HPMWYHPWY2V4EXOR&marketplace=FLIPKART&q=mobiles&store=tyy%2F4io&srno=s_7_162&otracker=search&otracker1=search&fm=organic&iid=eb027881-b7d9-44e2-b3fa-47bb69d340e5.MOBGQ9HPMWYHPWY2.SEARCH&ppt=None&ppn=None&ssid=rhlr2quxdc0000001703699011295&qH=eb4af0bf07c16429,Infinix Note 30 5G,128 GB,4 GB,128 GB,Not Expandable,17.22 cm,Full HD,UnknownMP,16MP,Infinix
14999,9999,33% off,4.3,12341,515,5000.0,Mediatek Helio G35 Processor,1.0,https://www.flipkart.com/oppo-a17-lake-blue-64-gb/p/itm4aae9f8df9008?pid=MOBGMPHKWBPVCDW6&lid=LSTMOBGMPHKWBPVCDW6J9LMDX&marketplace=FLIPKART&q=mobiles&store=tyy%2F4io&srno=s_7_164&otracker=search&otracker1=search&fm=organic&iid=eb027881-b7d9-44e2-b3fa-47bb69d340e5.MOBGMPHKWBPVCDW6.SEARCH&ppt=None&ppn=None&ssid=rhlr2quxdc0000001703699011295&qH=eb4af0bf07c16429,OPPO A17,64 GB,4 GB,64 GB,Not Expandable,16.66 cm,HD,50.599999999999994MP,5MP,OPPO
32999,29999,9% off,4.4,16305,1585,5000.0,Dimensity 7050 Processor,1.0,https://www.flipkart.com/realme-11-pro-5g-astral-black-256-gb/p/itm5647cce338e55?pid=MOBGPU8HFZFVPY2A&lid=LSTMOBGPU8HFZFVPY2AKCOEBQ&marketplace=FLIPKART&q=mobiles&store=tyy%2F4io&srno=s_7_165&otracker=search&otracker1=search&fm=organic&iid=eb027881-b7d9-44e2-b3fa-47bb69d340e5.MOBGPU8HFZFVPY2A.SEARCH&ppt=None&ppn=None&ssid=rhlr2quxdc0000001703699011295&qH=eb4af0bf07c16429,realme 11 Pro+ 5G,256 GB,12 GB,256 GB,Not Expandable,17.02 cm,Full HD,210.0MP,32MP,realme
32999,29999,9% off,4.4,16305,1585,5000.0,Dimensity 7050 Processor,1.0,https://www.flipkart.com/realme-11-pro-5g-sunrise-beige-256-gb/p/itm5647cce338e55?pid=MOBGPU8HQPGU7HVR&lid=LSTMOBGPU8HQPGU7HVRYDHQ4Y&marketplace=FLIPKART&q=mobiles&store=tyy%2F4io&srno=s_7_166&otracker=search&otracker1=search&fm=organic&iid=eb027881-b7d9-44e2-b3fa-47bb69d340e5.MOBGPU8HQPGU7HVR.SEARCH&ppt=None&ppn=None&ssid=rhlr2quxdc0000001703699011295&qH=eb4af0bf07c16429,realme 11 Pro+ 5G,256 GB,12 GB,256 GB,Not Expandable,17.02 cm,Full HD,210.0MP,32MP,realme
32999,29999,9% off,4.4,16305,1585,5000.0,Dimensity 7050 Processor,1.0,https://www.flipkart.com/realme-11-pro-5g-oasis-green-256-gb/p/itm5647cce338e55?pid=MOBGPU8HCGG9PCER&lid=LSTMOBGPU8HCGG9PCERHGOPBG&marketplace=FLIPKART&q=mobiles&store=tyy%2F4io&srno=s_7_167&otracker=search&otracker1=search&fm=organic&iid=eb027881-b7d9-44e2-b3fa-47bb69d340e5.MOBGPU8HCGG9PCER.SEARCH&ppt=None&ppn=None&ssid=rhlr2quxdc0000001703699011295&qH=eb4af0bf07c16429,realme 11 Pro+ 5G,256 GB,12 GB,256 GB,Not Expandable,17.02 cm,Full HD,210.0MP,32MP,realme
18999,11999,36% off,4.1,27360,2225,5000.0,Snapdragon 685 Processor,1.0,https://www.flipkart.com/redmi-note-12-lunar-black-64-gb/p/itm6756d6e7a86be?pid=MOBGNYHZJGGE3ZHM&lid=LSTMOBGNYHZJGGE3ZHMCSWYEM&marketplace=FLIPKART&q=mobiles&store=tyy%2F4io&srno=s_7_168&otracker=search&otracker1=search&fm=organic&iid=eb027881-b7d9-44e2-b3fa-47bb69d340e5.MOBGNYHZJGGE3ZHM.SEARCH&ppt=None&ppn=None&ssid=rhlr2quxdc0000001703699011295&qH=eb4af0bf07c16429,REDMI Note 12,64 GB,6 GB,64 GB,Not Expandable,16.94 cm,AMOLED,60.0MP,13MP,REDMI
18999,8999,52% off,4.2,14727,1020,5000.0,Mediatek Helio G99 Processor,1.0,https://www.flipkart.com/poco-m5-icy-blue-128-gb/p/itmdff67fe6f5687?pid=MOBGHMZEP9EFTVA4&lid=LSTMOBGHMZEP9EFTVA4LNLEAO&marketplace=FLIPKART&q=mobiles&store=tyy%2F4io&srno=s_8_169&otracker=search&otracker1=search&fm=organic&iid=101bc04a-09a4-4dfd-bf34-320d11438022.MOBGHMZEP9EFTVA4.SEARCH&ppt=None&ppn=None&ssid=cjrgjpj6000000001703699015328&qH=eb4af0bf07c16429,POCO M5,128 GB,6 GB,128 GB,512 GB,16.71 cm,Full HD,54.0MP,8MP,POCO
19999,14999,25% off,4.2,69489,7588,5000.0,Dimensity 6080 Processor,1.0,https://www.flipkart.com/infinix-note-30-5g-magic-black-256-gb/p/itm12c179f0a6281?pid=MOBGQ9HPEZKFHZFQ&lid=LSTMOBGQ9HPEZKFHZFQUVHIKF&marketplace=FLIPKART&q=mobiles&store=tyy%2F4io&srno=s_8_170&otracker=search&otracker1=search&fm=organic&iid=101bc04a-09a4-4dfd-bf34-320d11438022.MOBGQ9HPEZKFHZFQ.SEARCH&ppt=None&ppn=None&ssid=cjrgjpj6000000001703699015328&qH=eb4af0bf07c16429,Infinix Note 30 5G,256 GB,8 GB,256 GB,Not Expandable,17.22 cm,Full HD,UnknownMP,16MP,Infinix
43999,38999,11% off,4.1,13778,1572,4300.0,Tensor G2 Processor,1.0,https://www.flipkart.com/google-pixel-7a-charcoal-128-gb/p/itmb4d7b100b1a4d?pid=MOBGZCQMHGWDYZQ7&lid=LSTMOBGZCQMHGWDYZQ71MTVC2&marketplace=FLIPKART&q=mobiles&store=tyy%2F4io&srno=s_8_175&otracker=search&otracker1=search&fm=organic&iid=101bc04a-09a4-4dfd-bf34-320d11438022.MOBGZCQMHGWDYZQ7.SEARCH&ppt=None&ppn=None&ssid=cjrgjpj6000000001703699015328&qH=eb4af0bf07c16429,Google Pixel 7a,128 GB,8 GB,128 GB,Not Expandable,15.49 cm,Full HD,77.0MP,13MP,Google
12999,8499,34% off,4.2,14490,1385,5000.0,Mediatek Helio G85 Processor,1.0,https://www.flipkart.com/infinix-note-12i-alpine-white-64-gb/p/itmf9bf9f4663d76?pid=MOBGHXSMYN9CA9HT&lid=LSTMOBGHXSMYN9CA9HTAT7OJE&marketplace=FLIPKART&q=mobiles&store=tyy%2F4io&srno=s_8_178&otracker=search&otracker1=search&fm=organic&iid=101bc04a-09a4-4dfd-bf34-320d11438022.MOBGHXSMYN9CA9HT.SEARCH&ppt=None&ppn=None&ssid=cjrgjpj6000000001703699015328&qH=eb4af0bf07c16429,Infinix NOTE 12i,64 GB,4 GB,64 GB,512 GB,17.02 cm,AMOLED,UnknownMP,8MP,Infinix
18999,11999,36% off,4.1,27360,2225,5000.0,Snapdragon 685 Processor,1.0,https://www.flipkart.com/redmi-note-12-sunrise-gold-64-gb/p/itm5d170187bcbf0?pid=MOBGNYHZ7ZGHES2V&lid=LSTMOBGNYHZ7ZGHES2VAOTRKH&marketplace=FLIPKART&q=mobiles&store=tyy%2F4io&srno=s_8_179&otracker=search&otracker1=search&fm=organic&iid=101bc04a-09a4-4dfd-bf34-320d11438022.MOBGNYHZ7ZGHES2V.SEARCH&ppt=None&ppn=None&ssid=cjrgjpj6000000001703699015328&qH=eb4af0bf07c16429,REDMI Note 12,64 GB,6 GB,64 GB,Not Expandable,16.94 cm,AMOLED,60.0MP,13MP,REDMI
2578,1844,28% off,3.9,3730,247,800.0,NA 0 Single Core 208MHz Processor,1.0,https://www.flipkart.com/samsung-guru-music-2/p/itme3f3f02bd4c03?pid=MOBGA9U9XVMZ77NP&lid=LSTMOBGA9U9XVMZ77NPQ3HDOC&marketplace=FLIPKART&q=mobiles&store=tyy%2F4io&srno=s_8_181&otracker=search&otracker1=search&fm=organic&iid=101bc04a-09a4-4dfd-bf34-320d11438022.MOBGA9U9XVMZ77NP.SEARCH&ppt=None&ppn=None&ssid=cjrgjpj6000000001703699015328&qH=eb4af0bf07c16429,SAMSUNG Guru Music 2,Unknown,Unknown,Unknown,16 GB,5.08 cm,Normal Display,0.0MP,Unknown,SAMSUNG
33999,27999,17% off,4.2,18717,1923,4980.0,Mediatek Dimensity 1080 Processor,1.0,https://www.flipkart.com/redmi-note-12-pro-5g-iceberg-blue-256-gb/p/itmc41b2b02af0da?pid=MOBGH2UVGCGZZT2V&lid=LSTMOBGH2UVGCGZZT2VXUSVE8&marketplace=FLIPKART&q=mobiles&store=tyy%2F4io&srno=s_8_183&otracker=search&otracker1=search&fm=organic&iid=101bc04a-09a4-4dfd-bf34-320d11438022.MOBGH2UVGCGZZT2V.SEARCH&ppt=None&ppn=None&ssid=cjrgjpj6000000001703699015328&qH=eb4af0bf07c16429,REDMI Note 12 Pro+ 5G,256 GB,8 GB,256 GB,Not Expandable,16.94 cm,AMOLED,210.0MP,16MP,REDMI
19999,14999,25% off,4.2,69489,7588,5000.0,Dimensity 6080 Processor,1.0,https://www.flipkart.com/infinix-note-30-5g-sunset-gold-256-gb/p/itm12c179f0a6281?pid=MOBGQ9HPWB79HS7M&lid=LSTMOBGQ9HPWB79HS7MJHUHUF&marketplace=FLIPKART&q=mobiles&store=tyy%2F4io&srno=s_8_184&otracker=search&otracker1=search&fm=organic&iid=101bc04a-09a4-4dfd-bf34-320d11438022.MOBGQ9HPWB79HS7M.SEARCH&ppt=None&ppn=None&ssid=cjrgjpj6000000001703699015328&qH=eb4af0bf07c16429,Infinix Note 30 5G,256 GB,8 GB,256 GB,Not Expandable,17.22 cm,Full HD,UnknownMP,16MP,Infinix
19999,14999,25% off,4.2,69489,7588,5000.0,Dimensity 6080 Processor,1.0,https://www.flipkart.com/infinix-note-30-5g-interstellar-blue-256-gb/p/itm12c179f0a6281?pid=MOBGQ9HPTHRDF7ZX&lid=LSTMOBGQ9HPTHRDF7ZXGLKHRK&marketplace=FLIPKART&q=mobiles&store=tyy%2F4io&srno=s_8_185&otracker=search&otracker1=search&fm=organic&iid=101bc04a-09a4-4dfd-bf34-320d11438022.MOBGQ9HPTHRDF7ZX.SEARCH&ppt=None&ppn=None&ssid=cjrgjpj6000000001703699015328&qH=eb4af0bf07c16429,Infinix Note 30 5G,256 GB,8 GB,256 GB,Not Expandable,17.22 cm,Full HD,UnknownMP,16MP,Infinix
10999,7499,31% off,4.1,23486,1449,5000.0,Unisoc T606 Processor,1.0,https://www.flipkart.com/motorola-e13-little-boy-blue-128-gb/p/itm66c82f55a50c5?pid=MOBGR4J7YNRQY2BX&lid=LSTMOBGR4J7YNRQY2BXTHV4TL&marketplace=FLIPKART&q=mobiles&store=tyy%2F4io&srno=s_8_186&otracker=search&otracker1=search&fm=organic&iid=101bc04a-09a4-4dfd-bf34-320d11438022.MOBGR4J7YNRQY2BX.SEARCH&ppt=None&ppn=None&ssid=cjrgjpj6000000001703699015328&qH=eb4af0bf07c16429,MOTOROLA e13,128 GB,8 GB,128 GB,Not Expandable,16.51 cm,HD,13.0MP,5MP,MOTOROLA
1599,1298,18% off,4.1,86433,5592,1000.0,SC6531E Processor,1.0,https://www.flipkart.com/nokia-105-single-sim-keypad-mobile-phone-wireless-fm-radio/p/itm1e2206f816463?pid=MOBGQFVG6MXANY2Q&lid=LSTMOBGQFVG6MXANY2QZPLC8A&marketplace=FLIPKART&q=mobiles&store=tyy%2F4io&srno=s_8_187&otracker=search&otracker1=search&fm=organic&iid=101bc04a-09a4-4dfd-bf34-320d11438022.MOBGQFVG6MXANY2Q.SEARCH&ppt=None&ppn=None&ssid=cjrgjpj6000000001703699015328&qH=eb4af0bf07c16429,"Nokia 105 Single SIM, Keypad Mobile Phone with Wireless FM Radio",Unknown,Unknown,Unknown,Not Expandable,4.5 cm,Normal Display,0.0MP,0MP,Nokia
10999,8499,22% off,4.3,626,38,5000.0,Helio G85 Processor,1.0,https://www.flipkart.com/poco-c65-pastel-blue-128-gb/p/itm1586ff4fb1c2b?pid=MOBGVVTXZESSZY4W&lid=LSTMOBGVVTXZESSZY4WVAOO2Y&marketplace=FLIPKART&q=mobiles&store=tyy%2F4io&srno=s_8_188&otracker=search&otracker1=search&fm=organic&iid=101bc04a-09a4-4dfd-bf34-320d11438022.MOBGVVTXZESSZY4W.SEARCH&ppt=None&ppn=None&ssid=cjrgjpj6000000001703699015328&qH=eb4af0bf07c16429,POCO C65,128 GB,4 GB,128 GB,Not Expandable,17.12 cm,HD,52.0MP,8MP,POCO
22999,18999,17% off,4.3,43727,3412,5000.0,Dimensity 6100+ Processor,1.0,https://www.flipkart.com/realme-11-5g-glory-gold-256-gb/p/itm676fecfaebff9?pid=MOBGS2W3AMEZWYXX&lid=LSTMOBGS2W3AMEZWYXX9KUCNV&marketplace=FLIPKART&q=mobiles&store=tyy%2F4io&srno=s_8_189&otracker=search&otracker1=search&fm=organic&iid=101bc04a-09a4-4dfd-bf34-320d11438022.MOBGS2W3AMEZWYXX.SEARCH&ppt=None&ppn=None&ssid=cjrgjpj6000000001703699015328&qH=eb4af0bf07c16429,realme 11 5G,256 GB,8 GB,256 GB,Not Expandable,17.07 cm,Full HD,110.0MP,16MP,realme
9999,5499,45% off,4.1,1589,93,5000.0,Helio G36 Processor,1.0,https://www.flipkart.com/redmi-a2-classic-black-64-gb/p/itm93a82cd23ef97?pid=MOBGRHB6XAEUADQB&lid=LSTMOBGRHB6XAEUADQB6UKL5S&marketplace=FLIPKART&q=mobiles&store=tyy%2F4io&srno=s_8_191&otracker=search&otracker1=search&fm=organic&iid=101bc04a-09a4-4dfd-bf34-320d11438022.MOBGRHB6XAEUADQB.SEARCH&ppt=None&ppn=None&ssid=cjrgjpj6000000001703699015328&qH=eb4af0bf07c16429,REDMI A2,64 GB,2 GB,64 GB,Not Expandable,16.56 cm,HD,8.0MP,5MP,REDMI
19999,15499,22% off,3.9,7619,647,5000.0,Qualcomm Snapdragon 4 Gen 1 Processor,1.0,https://www.flipkart.com/redmi-note-12-5g-matte-black-128-gb/p/itmd0f3dc327bca7?pid=MOBGHNFJPHFFUYM7&lid=LSTMOBGHNFJPHFFUYM73P6SDX&marketplace=FLIPKART&q=mobiles&store=tyy%2F4io&srno=s_8_192&otracker=search&otracker1=search&fm=organic&iid=101bc04a-09a4-4dfd-bf34-320d11438022.MOBGHNFJPHFFUYM7.SEARCH&ppt=None&ppn=None&ssid=cjrgjpj6000000001703699015328&qH=eb4af0bf07c16429,REDMI Note 12 5G,128 GB,4 GB,128 GB,Not Expandable,16.94 cm,AMOLED,58.0MP,13MP,REDMI
10999,8499,22% off,4.3,626,38,5000.0,Helio G85 Processor,1.0,https://www.flipkart.com/poco-c65-matte-black-128-gb/p/itm8ea3d87aa6c0c?pid=MOBGVVTXAFHYHDZS&lid=LSTMOBGVVTXAFHYHDZSK9U3D1&marketplace=FLIPKART&q=mobiles&store=tyy%2F4io&srno=s_9_193&otracker=search&otracker1=search&fm=organic&iid=3a28f46b-dc2d-4c0a-af27-124dfd674ec2.MOBGVVTXAFHYHDZS.SEARCH&ppt=None&ppn=None&ssid=n9v3v8swn40000001703699017159&qH=eb4af0bf07c16429,POCO C65,128 GB,4 GB,128 GB,Not Expandable,17.12 cm,HD,52.0MP,8MP,POCO
10999,7299,33% off,4.3,126,6444,6000.0,Unisoc Spreadtrum SC9863A1 Processor,1.0,https://www.flipkart.com/infinix-smart-7-azure-blue-128-gb/p/itm7b72b66485a59?pid=MOBGRH6Y386CENMX&lid=LSTMOBGRH6Y386CENMXT973RF&marketplace=FLIPKART&q=mobiles&store=tyy%2F4io&srno=s_9_194&otracker=search&otracker1=search&fm=organic&iid=3a28f46b-dc2d-4c0a-af27-124dfd674ec2.MOBGRH6Y386CENMX.SEARCH&ppt=None&ppn=None&ssid=n9v3v8swn40000001703699017159&qH=eb4af0bf07c16429,Infinix SMART 7,128 GB,4 GB,128 GB,512 GB,16.76 cm,HD,13.0MP,5MP,Infinix
9999,6999,30% off,4.3,126,6444,6000.0,Unisoc Spreadtrum SC9863A1 Processor,1.0,https://www.flipkart.com/infinix-smart-7-azure-blue-64-gb/p/itm7b72b66485a59?pid=MOBGMTW2WYG2A2FM&lid=LSTMOBGMTW2WYG2A2FMAZGXKU&marketplace=FLIPKART&q=mobiles&store=tyy%2F4io&srno=s_9_195&otracker=search&otracker1=search&fm=organic&iid=3a28f46b-dc2d-4c0a-af27-124dfd674ec2.MOBGMTW2WYG2A2FM.SEARCH&ppt=None&ppn=None&ssid=n9v3v8swn40000001703699017159&qH=eb4af0bf07c16429,Infinix SMART 7,64 GB,4 GB,64 GB,Not Expandable,16.76 cm,HD,13.0MP,5MP,Infinix
27999,21999,21% off,4.2,51378,4866,5000.0,Mediatek Dimensity 1080 Processor,1.0,https://www.flipkart.com/redmi-note-12-pro-5g-glacier-blue-128-gb/p/itm8fbee21008560?pid=MOBGH2UVZHHQGRRP&lid=LSTMOBGH2UVZHHQGRRPHJOZCG&marketplace=FLIPKART&q=mobiles&store=tyy%2F4io&srno=s_9_197&otracker=search&otracker1=search&fm=organic&iid=3a28f46b-dc2d-4c0a-af27-124dfd674ec2.MOBGH2UVZHHQGRRP.SEARCH&ppt=None&ppn=None&ssid=n9v3v8swn40000001703699017159&qH=eb4af0bf07c16429,REDMI Note 12 Pro 5G,128 GB,6 GB,128 GB,Not Expandable,16.94 cm,AMOLED,60.0MP,16MP,REDMI
10999,7299,33% off,4.3,126,6444,6000.0,Unisoc Spreadtrum SC9863A1 Processor,1.0,https://www.flipkart.com/infinix-smart-7-night-black-128-gb/p/itm7b72b66485a59?pid=MOBGRH6YCHF2XEFB&lid=LSTMOBGRH6YCHF2XEFBXFULMV&marketplace=FLIPKART&q=mobiles&store=tyy%2F4io&srno=s_9_198&otracker=search&otracker1=search&fm=organic&iid=3a28f46b-dc2d-4c0a-af27-124dfd674ec2.MOBGRH6YCHF2XEFB.SEARCH&ppt=None&ppn=None&ssid=n9v3v8swn40000001703699017159&qH=eb4af0bf07c16429,Infinix SMART 7,128 GB,4 GB,128 GB,512 GB,16.76 cm,HD,13.0MP,5MP,Infinix
10999,7299,33% off,4.3,126,6444,6000.0,Unisoc Spreadtrum SC9863A1 Processor,1.0,https://www.flipkart.com/infinix-smart-7-emerald-green-128-gb/p/itm7b72b66485a59?pid=MOBGRH6YM3KZXNWF&lid=LSTMOBGRH6YM3KZXNWFSJXTYT&marketplace=FLIPKART&q=mobiles&store=tyy%2F4io&srno=s_9_199&otracker=search&otracker1=search&fm=organic&iid=3a28f46b-dc2d-4c0a-af27-124dfd674ec2.MOBGRH6YM3KZXNWF.SEARCH&ppt=None&ppn=None&ssid=n9v3v8swn40000001703699017159&qH=eb4af0bf07c16429,Infinix SMART 7,128 GB,4 GB,128 GB,512 GB,16.76 cm,HD,13.0MP,5MP,Infinix
9999,6999,30% off,4.3,126,6444,6000.0,Unisoc Spreadtrum SC9863A1 Processor,1.0,https://www.flipkart.com/infinix-smart-7-night-black-64-gb/p/itm7b72b66485a59?pid=MOBGMTW2T7W2UPB9&lid=LSTMOBGMTW2T7W2UPB99HTRS1&marketplace=FLIPKART&q=mobiles&store=tyy%2F4io&srno=s_9_200&otracker=search&otracker1=search&fm=organic&iid=3a28f46b-dc2d-4c0a-af27-124dfd674ec2.MOBGMTW2T7W2UPB9.SEARCH&ppt=None&ppn=None&ssid=n9v3v8swn40000001703699017159&qH=eb4af0bf07c16429,Infinix SMART 7,64 GB,4 GB,64 GB,Not Expandable,16.76 cm,HD,13.0MP,5MP,Infinix
9999,6999,30% off,4.3,126,6444,6000.0,Unisoc Spreadtrum SC9863A1 Processor,1.0,https://www.flipkart.com/infinix-smart-7-emerald-green-64-gb/p/itm7b72b66485a59?pid=MOBGMTW2HFCMQY35&lid=LSTMOBGMTW2HFCMQY35R7FJQZ&marketplace=FLIPKART&q=mobiles&store=tyy%2F4io&srno=s_9_201&otracker=search&otracker1=search&fm=organic&iid=3a28f46b-dc2d-4c0a-af27-124dfd674ec2.MOBGMTW2HFCMQY35.SEARCH&ppt=None&ppn=None&ssid=n9v3v8swn40000001703699017159&qH=eb4af0bf07c16429,Infinix SMART 7,64 GB,4 GB,64 GB,Not Expandable,16.76 cm,HD,13.0MP,5MP,Infinix
18999,11999,36% off,4.1,27360,2225,5000.0,Snapdragon 685 Processor,1.0,https://www.flipkart.com/redmi-note-12-lunar-black-64-gb/p/itm6756d6e7a86be?pid=MOBGNYHZJGGE3ZHM&lid=LSTMOBGNYHZJGGE3ZHMCSWYEM&marketplace=FLIPKART&q=mobiles&store=tyy%2F4io&srno=s_9_204&otracker=search&otracker1=search&fm=organic&iid=3a28f46b-dc2d-4c0a-af27-124dfd674ec2.MOBGNYHZJGGE3ZHM.SEARCH&ppt=None&ppn=None&ssid=n9v3v8swn40000001703699017159&qH=eb4af0bf07c16429,REDMI Note 12,64 GB,6 GB,64 GB,Not Expandable,16.94 cm,AMOLED,60.0MP,13MP,REDMI
24499,18499,24% off,4.2,23059,1883,6000.0,Exynos 1280 Processor,1.0,https://www.flipkart.com/samsung-galaxy-f34-5g-electric-black-128-gb/p/itm85da260a1ae3c?pid=MOBGRZMYDDS8SBXZ&lid=LSTMOBGRZMYDDS8SBXZKIP6ZG&marketplace=FLIPKART&q=mobiles&store=tyy%2F4io&srno=s_9_205&otracker=search&otracker1=search&fm=organic&iid=3a28f46b-dc2d-4c0a-af27-124dfd674ec2.MOBGRZMYDDS8SBXZ.SEARCH&ppt=None&ppn=None&ssid=n9v3v8swn40000001703699017159&qH=eb4af0bf07c16429,SAMSUNG Galaxy F34 5G,128 GB,6 GB,128 GB,Not Expandable,16.51 cm,Full HD,60.0MP,13MP,SAMSUNG
13499,10999,18% off,4.1,119,9,5000.0,Helio G85 Processor,1.0,https://www.flipkart.com/poco-c65-matte-black-256-gb/p/itmd776f58809b28?pid=MOBGVVTXXYZHF5UM&lid=LSTMOBGVVTXXYZHF5UMGXNVBS&marketplace=FLIPKART&q=mobiles&store=tyy%2F4io&srno=s_9_206&otracker=search&otracker1=search&fm=organic&iid=3a28f46b-dc2d-4c0a-af27-124dfd674ec2.MOBGVVTXXYZHF5UM.SEARCH&ppt=None&ppn=None&ssid=n9v3v8swn40000001703699017159&qH=eb4af0bf07c16429,POCO C65,256 GB,8 GB,256 GB,Not Expandable,17.12 cm,HD,52.0MP,8MP,POCO
24499,18499,24% off,4.2,23059,1883,6000.0,Exynos 1280 Processor,1.0,https://www.flipkart.com/samsung-galaxy-f34-5g-orchid-violet-128-gb/p/itm97f82a0acbe1f?pid=MOBGRZMYGSVHDBGJ&lid=LSTMOBGRZMYGSVHDBGJ3I9H32&marketplace=FLIPKART&q=mobiles&store=tyy%2F4io&srno=s_9_207&otracker=search&otracker1=search&fm=organic&iid=3a28f46b-dc2d-4c0a-af27-124dfd674ec2.MOBGRZMYGSVHDBGJ.SEARCH&ppt=None&ppn=None&ssid=n9v3v8swn40000001703699017159&qH=eb4af0bf07c16429,SAMSUNG Galaxy F34 5G,128 GB,6 GB,128 GB,Not Expandable,16.51 cm,Full HD,60.0MP,13MP,SAMSUNG
18999,8999,52% off,4.2,14727,1020,5000.0,Mediatek Helio G99 Processor,1.0,https://www.flipkart.com/poco-m5-icy-blue-128-gb/p/itmdff67fe6f5687?pid=MOBGHMZEP9EFTVA4&lid=LSTMOBGHMZEP9EFTVA4LNLEAO&marketplace=FLIPKART&q=mobiles&store=tyy%2F4io&srno=s_9_208&otracker=search&otracker1=search&fm=organic&iid=3a28f46b-dc2d-4c0a-af27-124dfd674ec2.MOBGHMZEP9EFTVA4.SEARCH&ppt=None&ppn=None&ssid=n9v3v8swn40000001703699017159&qH=eb4af0bf07c16429,POCO M5,128 GB,6 GB,128 GB,512 GB,16.71 cm,Full HD,54.0MP,8MP,POCO
13499,10999,18% off,4.1,119,9,5000.0,Helio G85 Processor,1.0,https://www.flipkart.com/poco-c65-pastel-blue-256-gb/p/itm25756864abc77?pid=MOBGVVTX2QNXDJ2W&lid=LSTMOBGVVTX2QNXDJ2WLNZIWO&marketplace=FLIPKART&q=mobiles&store=tyy%2F4io&srno=s_9_209&otracker=search&otracker1=search&fm=organic&iid=3a28f46b-dc2d-4c0a-af27-124dfd674ec2.MOBGVVTX2QNXDJ2W.SEARCH&ppt=None&ppn=None&ssid=n9v3v8swn40000001703699017159&qH=eb4af0bf07c16429,POCO C65,256 GB,8 GB,256 GB,Not Expandable,17.12 cm,HD,52.0MP,8MP,POCO
13999,10999,21% off,4.4,86901,3923,5000.0,T612 Processor,1.0,https://www.flipkart.com/realme-c53-champion-black-128-gb/p/itm5df90168ecd05?pid=MOBGTEVGGM7CTGXU&lid=LSTMOBGTEVGGM7CTGXUWKURLB&marketplace=FLIPKART&q=mobiles&store=tyy%2F4io&srno=s_9_210&otracker=search&otracker1=search&fm=organic&iid=3a28f46b-dc2d-4c0a-af27-124dfd674ec2.MOBGTEVGGM7CTGXU.SEARCH&ppt=None&ppn=None&ssid=n9v3v8swn40000001703699017159&qH=eb4af0bf07c16429,realme C53,128 GB,6 GB,128 GB,Not Expandable,17.12 cm,HD,110.0MP,8MP,realme
12999,8499,34% off,4.2,14490,1385,5000.0,Mediatek Helio G85 Processor,1.0,https://www.flipkart.com/infinix-note-12i-force-black-64-gb/p/itmf9bf9f4663d76?pid=MOBGHXSMGZTRYYVY&lid=LSTMOBGHXSMGZTRYYVY0LVBSW&marketplace=FLIPKART&q=mobiles&store=tyy%2F4io&srno=s_9_211&otracker=search&otracker1=search&fm=organic&iid=3a28f46b-dc2d-4c0a-af27-124dfd674ec2.MOBGHXSMGZTRYYVY.SEARCH&ppt=None&ppn=None&ssid=n9v3v8swn40000001703699017159&qH=eb4af0bf07c16429,Infinix NOTE 12i,64 GB,4 GB,64 GB,512 GB,17.02 cm,AMOLED,UnknownMP,8MP,Infinix
44999,37999,15% off,4.3,8662,1024,4600.0,Snapdragon 778G 5G Processor,1.0,https://www.flipkart.com/oppo-reno10-pro-5g-glossy-purple-256-gb/p/itm7fc37fb654ef8?pid=MOBGQP3UPHY6G5HH&lid=LSTMOBGQP3UPHY6G5HHWKBUNL&marketplace=FLIPKART&q=mobiles&store=tyy%2F4io&srno=s_9_212&otracker=search&otracker1=search&fm=organic&iid=3a28f46b-dc2d-4c0a-af27-124dfd674ec2.MOBGQP3UPHY6G5HH.SEARCH&ppt=None&ppn=None&ssid=n9v3v8swn40000001703699017159&qH=eb4af0bf07c16429,OPPO Reno10 Pro 5G,256 GB,12 GB,256 GB,Not Expandable,17.02 cm,Full HD,90.0MP,32MP,OPPO
34999,26499,24% off,4.2,65266,7400,4400.0,Dimensity 8020 Processor,1.0,https://www.flipkart.com/motorola-edge-40-viva-magenta-256-gb/p/itm05e373bd204cb?pid=MOBGPJZABN3GPDZ7&lid=LSTMOBGPJZABN3GPDZ7NLCAGR&marketplace=FLIPKART&q=mobiles&store=tyy%2F4io&srno=s_9_213&otracker=search&otracker1=search&fm=organic&iid=3a28f46b-dc2d-4c0a-af27-124dfd674ec2.MOBGPJZABN3GPDZ7.SEARCH&ppt=None&ppn=None&ssid=n9v3v8swn40000001703699017159&qH=eb4af0bf07c16429,MOTOROLA Edge 40,256 GB,8 GB,256 GB,Not Expandable,16.51 cm,Full HD,63.0MP,32MP,MOTOROLA
24499,18499,24% off,4.2,23059,1883,6000.0,Exynos 1280 Processor,1.0,https://www.flipkart.com/samsung-galaxy-f34-5g-mystic-green-128-gb/p/itmf0f86e1d0d3b1?pid=MOBGRZMYFH8MY6E2&lid=LSTMOBGRZMYFH8MY6E2JVJ8UT&marketplace=FLIPKART&q=mobiles&store=tyy%2F4io&srno=s_9_215&otracker=search&otracker1=search&fm=organic&iid=3a28f46b-dc2d-4c0a-af27-124dfd674ec2.MOBGRZMYFH8MY6E2.SEARCH&ppt=None&ppn=None&ssid=n9v3v8swn40000001703699017159&qH=eb4af0bf07c16429,SAMSUNG Galaxy F34 5G,128 GB,6 GB,128 GB,Not Expandable,16.51 cm,Full HD,60.0MP,13MP,SAMSUNG
95999,45999,52% off,4.3,7170,477,3300.0,Qualcomm Snapdragon 888 Octa-Core Processor,1.0,https://www.flipkart.com/samsung-galaxy-z-flip3-5g-cream-128-gb/p/itmf84b792824408?pid=MOBG6YQHHB84XVGN&lid=LSTMOBG6YQHHB84XVGNXUIVZP&marketplace=FLIPKART&q=mobiles&store=tyy%2F4io&srno=s_16_361&otracker=search&otracker1=search&fm=organic&iid=90d99828-0509-4b04-9364-a6da032cf2ae.MOBG6YQHHB84XVGN.SEARCH&ppt=None&ppn=None&ssid=v79mijdle80000001703699070289&qH=eb4af0bf07c16429,SAMSUNG Galaxy Z Flip3 5G,128 GB,8 GB,128 GB,Not Expandable,17.02 cm,Full HD,24.0MP,10MP,SAMSUNG
24499,18499,24% off,4.2,23059,1883,6000.0,Exynos 1280 Processor,1.0,https://www.flipkart.com/samsung-galaxy-f34-5g-orchid-violet-128-gb/p/itm97f82a0acbe1f?pid=MOBGRZMYGSVHDBGJ&lid=LSTMOBGRZMYGSVHDBGJ3I9H32&marketplace=FLIPKART&q=mobiles&store=tyy%2F4io&srno=s_16_363&otracker=search&otracker1=search&fm=organic&iid=90d99828-0509-4b04-9364-a6da032cf2ae.MOBGRZMYGSVHDBGJ.SEARCH&ppt=None&ppn=None&ssid=v79mijdle80000001703699070289&qH=eb4af0bf07c16429,SAMSUNG Galaxy F34 5G,128 GB,6 GB,128 GB,Not Expandable,16.51 cm,Full HD,60.0MP,13MP,SAMSUNG
18999,11999,36% off,4.2,51724,3601,5000.0,Mediatek Dimensity 700 Processor,1.0,https://www.flipkart.com/poco-m4-5g-power-black-128-gb/p/itm967111aabdc3f?pid=MOBGDRGPQQGTRXU9&lid=LSTMOBGDRGPQQGTRXU9P0JJRO&marketplace=FLIPKART&q=mobiles&store=tyy%2F4io&srno=s_16_364&otracker=search&otracker1=search&fm=organic&iid=90d99828-0509-4b04-9364-a6da032cf2ae.MOBGDRGPQQGTRXU9.SEARCH&ppt=None&ppn=None&ssid=v79mijdle80000001703699070289&qH=eb4af0bf07c16429,POCO M4 5G,128 GB,6 GB,128 GB,512 GB,16.71 cm,Full HD,52.0MP,8MP,POCO
15499,12999,16% off,4.3,1011,61,5000.0,Helio G85 Processor,1.0,https://www.flipkart.com/oppo-a58-dazzling-green-128-gb/p/itm707c33af6ddfe?pid=MOBGRT4C8Q66DD2H&lid=LSTMOBGRT4C8Q66DD2HXGKTOC&marketplace=FLIPKART&q=mobiles&store=tyy%2F4io&srno=s_16_369&otracker=search&otracker1=search&fm=organic&iid=90d99828-0509-4b04-9364-a6da032cf2ae.MOBGRT4C8Q66DD2H.SEARCH&ppt=None&ppn=None&ssid=v79mijdle80000001703699070289&qH=eb4af0bf07c16429,OPPO A58,128 GB,6 GB,128 GB,Not Expandable,17.07 cm,Full HD,108.0MP,8MP,OPPO
15499,12999,16% off,4.3,1011,61,5000.0,Helio G85 Processor,1.0,https://www.flipkart.com/oppo-a58-glowing-black-128-gb/p/itm707c33af6ddfe?pid=MOBGRT4FJZBJBFGU&lid=LSTMOBGRT4FJZBJBFGU9JRELT&marketplace=FLIPKART&q=mobiles&store=tyy%2F4io&srno=s_16_370&otracker=search&otracker1=search&fm=organic&iid=90d99828-0509-4b04-9364-a6da032cf2ae.MOBGRT4FJZBJBFGU.SEARCH&ppt=None&ppn=None&ssid=v79mijdle80000001703699070289&qH=eb4af0bf07c16429,OPPO A58,128 GB,6 GB,128 GB,Not Expandable,17.07 cm,Full HD,52.0MP,8MP,OPPO
12499,7480,40% off,4.1,1772,95,5000.0,OCTA CORE Processor,1.0,https://www.flipkart.com/redmi-a2-sea-green-128-gb/p/itmf679ff3395fa9?pid=MOBGTMVHEHN7DFFE&lid=LSTMOBGTMVHEHN7DFFEBMVKRJ&marketplace=FLIPKART&q=mobiles&store=tyy%2F4io&srno=s_16_373&otracker=search&otracker1=search&fm=organic&iid=90d99828-0509-4b04-9364-a6da032cf2ae.MOBGTMVHEHN7DFFE.SEARCH&ppt=None&ppn=None&ssid=v79mijdle80000001703699070289&qH=eb4af0bf07c16429,REDMI A2+,128 GB,4 GB,128 GB,Not Expandable,16.56 cm,HD,16.0MP,5MP,REDMI
35999,26999,25% off,4.2,19318,1745,6000.0,Octa Core Processor,1.0,https://www.flipkart.com/samsung-galaxy-f54-5g-meteor-blue-256-gb/p/itmc0ff2e34818c7?pid=MOBGPN55SKDKVRQV&lid=LSTMOBGPN55SKDKVRQVH9B1VD&marketplace=FLIPKART&q=mobiles&store=tyy%2F4io&srno=s_16_374&otracker=search&otracker1=search&fm=organic&iid=90d99828-0509-4b04-9364-a6da032cf2ae.MOBGPN55SKDKVRQV.SEARCH&ppt=None&ppn=None&ssid=v79mijdle80000001703699070289&qH=eb4af0bf07c16429,SAMSUNG Galaxy F54 5G,256 GB,8 GB,256 GB,Not Expandable,17.02 cm,Full HD,118.0MP,32MP,SAMSUNG
16999,10999,35% off,4.3,192,11024,6000.0,Exynos 850 Processor,1.0,https://www.flipkart.com/samsung-galaxy-f13-waterfall-blue-128-gb/p/itm85a305642eb7b?pid=MOBGENJWVWYAAVG5&lid=LSTMOBGENJWVWYAAVG5AKPCP0&marketplace=FLIPKART&q=mobiles&store=tyy%2F4io&srno=s_16_378&otracker=search&otracker1=search&fm=organic&iid=90d99828-0509-4b04-9364-a6da032cf2ae.MOBGENJWVWYAAVG5.SEARCH&ppt=None&ppn=None&ssid=v79mijdle80000001703699070289&qH=eb4af0bf07c16429,SAMSUNG Galaxy F13,128 GB,4 GB,128 GB,Not Expandable,16.76 cm,Full HD,57.0MP,8MP,SAMSUNG
11999,9499,20% off,4.3,273,22,5000.0,Helio G85 Processor,1.0,https://www.flipkart.com/poco-c65-matte-black-128-gb/p/itme8d1e736a1e3f?pid=MOBGVVTXBXRRZEUK&lid=LSTMOBGVVTXBXRRZEUKZU2IO7&marketplace=FLIPKART&q=mobiles&store=tyy%2F4io&srno=s_16_379&otracker=search&otracker1=search&fm=organic&iid=90d99828-0509-4b04-9364-a6da032cf2ae.MOBGVVTXBXRRZEUK.SEARCH&ppt=None&ppn=None&ssid=v79mijdle80000001703699070289&qH=eb4af0bf07c16429,POCO C65,128 GB,6 GB,128 GB,Not Expandable,17.12 cm,HD,52.0MP,8MP,POCO
29999,23999,20% off,4.2,5793,957,5000.0,Dimensity 8020 Processor,1.0,https://www.flipkart.com/infinix-zero-30-5g-golden-hour-256-gb/p/itm38408251441a4?pid=MOBGSFECDHXAV43V&lid=LSTMOBGSFECDHXAV43VLTQJV7&marketplace=FLIPKART&q=mobiles&store=tyy%2F4io&srno=s_16_380&otracker=search&otracker1=search&fm=organic&iid=90d99828-0509-4b04-9364-a6da032cf2ae.MOBGSFECDHXAV43V.SEARCH&ppt=None&ppn=None&ssid=v79mijdle80000001703699070289&qH=eb4af0bf07c16429,Infinix Zero 30 5G,256 GB,12 GB,256 GB,Not Expandable,17.22 cm,Full HD,123.0MP,50MP,Infinix
20999,16999,19% off,4.1,6652,461,5000.0,SEC S5E8535 (Exynos 1330) Processor,1.0,https://www.flipkart.com/samsung-galaxy-a14-5g-black-128-gb/p/itm4e53e4bf801e1?pid=MOBGHT8UR4T25NGB&lid=LSTMOBGHT8UR4T25NGBLLYADS&marketplace=FLIPKART&q=mobiles&store=tyy%2F4io&srno=s_16_382&otracker=search&otracker1=search&fm=organic&iid=90d99828-0509-4b04-9364-a6da032cf2ae.MOBGHT8UR4T25NGB.SEARCH&ppt=None&ppn=None&ssid=v79mijdle80000001703699070289&qH=eb4af0bf07c16429,SAMSUNG Galaxy A14 5G,128 GB,6 GB,128 GB,Not Expandable,16.76 cm,HD,52.0MP,13MP,SAMSUNG
27999,21998,21% off,4.4,917,83,4800.0,4 Gen 1 Processor,1.0,https://www.flipkart.com/vivo-y200-5g-jungle-green-128-gb/p/itmc79ade2c32297?pid=MOBGUGG65KUNXJ7Z&lid=LSTMOBGUGG65KUNXJ7Z6AARKN&marketplace=FLIPKART&q=mobiles&store=tyy%2F4io&srno=s_26_603&otracker=search&otracker1=search&fm=organic&iid=312f46f1-a0be-4e6d-9afa-2c796a13d92e.MOBGUGG65KUNXJ7Z.SEARCH&ppt=None&ppn=None&ssid=4at2x76im80000001703699126923&qH=eb4af0bf07c16429,vivo Y200 5G,128 GB,8 GB,128 GB,Not Expandable,16.94 cm,Full HD,66.0MP,16MP,vivo
20999,16999,19% off,4.1,6652,461,5000.0,SEC S5E8535 (Exynos 1330) Processor,1.0,https://www.flipkart.com/samsung-galaxy-a14-5g-dark-red-128-gb/p/itma8393faabfb76?pid=MOBGHT8UUUNXNYZ4&lid=LSTMOBGHT8UUUNXNYZ4QUY1LJ&marketplace=FLIPKART&q=mobiles&store=tyy%2F4io&srno=s_26_605&otracker=search&otracker1=search&fm=organic&iid=312f46f1-a0be-4e6d-9afa-2c796a13d92e.MOBGHT8UUUNXNYZ4.SEARCH&ppt=None&ppn=None&ssid=4at2x76im80000001703699126923&qH=eb4af0bf07c16429,SAMSUNG Galaxy A14 5G,128 GB,6 GB,128 GB,Not Expandable,16.76 cm,HD,52.0MP,13MP,SAMSUNG
3999,3724,6% off,4.2,10077,712,1200.0,MT6260A Processor,1.0,https://www.flipkart.com/nokia-5310-ds-keypad-mobile-fm-radio-camera-flash-8mb-ram/p/itma2a6226df7fc3?pid=MOBFUTFZTGHHWCEZ&lid=LSTMOBFUTFZTGHHWCEZY52TCW&marketplace=FLIPKART&q=mobiles&store=tyy%2F4io&srno=s_26_606&otracker=search&otracker1=search&fm=organic&iid=312f46f1-a0be-4e6d-9afa-2c796a13d92e.MOBFUTFZTGHHWCEZ.SEARCH&ppt=None&ppn=None&ssid=4at2x76im80000001703699126923&qH=eb4af0bf07c16429,"Nokia 5310 DS Keypad Mobile, FM Radio,Camera with Flash",Unknown,Unknown,Unknown,32 GB,6.1 cm,Normal Display,0.3MP,Unknown,Nokia
24999,17999,28% off,4.3,3464,237,5000.0,Mediatek Dimensity 700 Processor,1.0,https://www.flipkart.com/vivo-y56-5g-orange-shimmer-128-gb/p/itm9d7c8406fe35d?pid=MOBGMR8HJE4KRKHX&lid=LSTMOBGMR8HJE4KRKHXF67OTO&marketplace=FLIPKART&q=mobiles&store=tyy%2F4io&srno=s_26_608&otracker=search&otracker1=search&fm=organic&iid=312f46f1-a0be-4e6d-9afa-2c796a13d92e.MOBGMR8HJE4KRKHX.SEARCH&ppt=None&ppn=None&ssid=4at2x76im80000001703699126923&qH=eb4af0bf07c16429,vivo Y56 5G,128 GB,8 GB,128 GB,Not Expandable,16.71 cm,Full HD,52.0MP,16MP,vivo
9999,5999,40% off,4.0,10609,866,5000.0,Unisoc T606 Processor,1.0,https://www.flipkart.com/motorola-e13-creamy-white-64-gb/p/itm379023f47882f?pid=MOBGKHNBAVKAEMFX&lid=LSTMOBGKHNBAVKAEMFXOGIXD3&marketplace=FLIPKART&q=mobiles&store=tyy%2F4io&srno=s_26_611&otracker=search&otracker1=search&fm=organic&iid=312f46f1-a0be-4e6d-9afa-2c796a13d92e.MOBGKHNBAVKAEMFX.SEARCH&ppt=None&ppn=None&ssid=4at2x76im80000001703699126923&qH=eb4af0bf07c16429,MOTOROLA e13,64 GB,2 GB,64 GB,Not Expandable,16.51 cm,HD,13.0MP,5MP,MOTOROLA
15999,10499,34% off,4.3,318,22,5000.0,Helio G85 Processor,1.0,https://www.flipkart.com/vivo-y17s-forest-green-64-gb/p/itmc0b62213bf3c8?pid=MOBGUFV9QNJDJTDY&lid=LSTMOBGUFV9QNJDJTDY5AFHLQ&marketplace=FLIPKART&q=mobiles&store=tyy%2F4io&srno=s_26_612&otracker=search&otracker1=search&fm=organic&iid=312f46f1-a0be-4e6d-9afa-2c796a13d92e.MOBGUFV9QNJDJTDY.SEARCH&ppt=None&ppn=None&ssid=4at2x76im80000001703699126923&qH=eb4af0bf07c16429,vivo Y17s,64 GB,4 GB,64 GB,Not Expandable,16.66 cm,HD,52.0MP,8MP,vivo
19999,12999,35% off,4.1,8717,744,5000.0,Dimensity 810 Processor,1.0,https://www.flipkart.com/infinix-hot-20-5g-space-blue-128-gb/p/itm11fe82212c9ae?pid=MOBGHGHFJMNPZJJR&lid=LSTMOBGHGHFJMNPZJJRDMNFRT&marketplace=FLIPKART&q=mobiles&store=tyy%2F4io&srno=s_27_625&otracker=search&otracker1=search&fm=organic&iid=0ddff9ff-7795-4ae2-b7a6-b3cc9029f1eb.MOBGHGHFJMNPZJJR.SEARCH&ppt=None&ppn=None&ssid=nl9qjbf8eo0000001703699130878&qH=eb4af0bf07c16429,Infinix Hot 20 5G,128 GB,6 GB,128 GB,Not Expandable,16.76 cm,Full HD,50.0MP,8MP,Infinix
2199,2045,7% off,4.4,365,21,1450.0,6261D Processor,1.0,https://www.flipkart.com/nokia-130-music-dual-sim-player-wireless-fm-radio-dedicated-buttons/p/itm2d76fa931c507?pid=MOBGSFEC2SSXVUNB&lid=LSTMOBGSFEC2SSXVUNBYL5OLM&marketplace=FLIPKART&q=mobiles&store=tyy%2F4io&srno=s_27_632&otracker=search&otracker1=search&fm=organic&iid=0ddff9ff-7795-4ae2-b7a6-b3cc9029f1eb.MOBGSFEC2SSXVUNB.SEARCH&ppt=None&ppn=None&ssid=nl9qjbf8eo0000001703699130878&qH=eb4af0bf07c16429,"Nokia 130 Music Dual Sim, Music Player, Wireless FM Radio and Dedicated Music Buttons",Unknown,Unknown,Unknown,Not Expandable,6.1 cm,Normal Display,0.0MP,Unknown,Nokia
19999,12999,35% off,4.1,8717,744,5000.0,Dimensity 810 Processor,1.0,https://www.flipkart.com/infinix-hot-20-5g-blaster-green-128-gb/p/itm11fe82212c9ae?pid=MOBGHGHFSXYFVW3A&lid=LSTMOBGHGHFSXYFVW3ATQBUY1&marketplace=FLIPKART&q=mobiles&store=tyy%2F4io&srno=s_27_633&otracker=search&otracker1=search&fm=organic&iid=0ddff9ff-7795-4ae2-b7a6-b3cc9029f1eb.MOBGHGHFSXYFVW3A.SEARCH&ppt=None&ppn=None&ssid=nl9qjbf8eo0000001703699130878&qH=eb4af0bf07c16429,Infinix Hot 20 5G,128 GB,6 GB,128 GB,Not Expandable,16.76 cm,Full HD,50.0MP,8MP,Infinix
22999,18999,17% off,4.1,2956,241,5000.0,SEC S5E8535 (Exynos 1330) Processor,1.0,https://www.flipkart.com/samsung-galaxy-a14-5g-black-128-gb/p/itm05c0df9819b1d?pid=MOBGHT8UAKCPR6ZH&lid=LSTMOBGHT8UAKCPR6ZHGPIM1X&marketplace=FLIPKART&q=mobiles&store=tyy%2F4io&srno=s_27_635&otracker=search&otracker1=search&fm=organic&iid=0ddff9ff-7795-4ae2-b7a6-b3cc9029f1eb.MOBGHT8UAKCPR6ZH.SEARCH&ppt=None&ppn=None&ssid=nl9qjbf8eo0000001703699130878&qH=eb4af0bf07c16429,SAMSUNG Galaxy A14 5G,128 GB,8 GB,128 GB,Not Expandable,16.76 cm,HD,52.0MP,13MP,SAMSUNG
28999,22999,20% off,4.3,39363,3840,5000.0,Qualcomm Snapdragon 778G Processor,1.0,https://www.flipkart.com/poco-x5-pro-5g-yellow-256-gb/p/itm3a4010e6b2c40?pid=MOBGMDKQFCHMDPRJ&lid=LSTMOBGMDKQFCHMDPRJYOTIAA&marketplace=FLIPKART&q=mobiles&store=tyy%2F4io&srno=s_27_640&otracker=search&otracker1=search&fm=organic&iid=0ddff9ff-7795-4ae2-b7a6-b3cc9029f1eb.MOBGMDKQFCHMDPRJ.SEARCH&ppt=None&ppn=None&ssid=nl9qjbf8eo0000001703699130878&qH=eb4af0bf07c16429,POCO X5 Pro 5G,256 GB,8 GB,256 GB,Not Expandable,16.94 cm,Full HD,118.0MP,16MP,POCO
29999,19249,35% off,4.3,2655,183,4500.0,Mediatek Dimensity 900 Processor,1.0,https://www.flipkart.com/vivo-y100-5g-pacific-blue-128-gb/p/itm02d7cc65cf584?pid=MOBGMM42CEGUBSXE&lid=LSTMOBGMM42CEGUBSXEJRKJN1&marketplace=FLIPKART&q=mobiles&store=tyy%2F4io&srno=s_27_641&otracker=search&otracker1=search&fm=organic&iid=0ddff9ff-7795-4ae2-b7a6-b3cc9029f1eb.MOBGMM42CEGUBSXE.SEARCH&ppt=None&ppn=None&ssid=nl9qjbf8eo0000001703699130878&qH=eb4af0bf07c16429,vivo Y100 5G,128 GB,8 GB,128 GB,Not Expandable,16.21 cm,AMOLED,68.0MP,16MP,vivo
31999,22999,28% off,4.2,22571,2751,5160.0,Mediatek Dimensity 920 Processor,1.0,https://www.flipkart.com/xiaomi-11i-5g-purple-mist-128-gb/p/itmb0fd5926fb0d5?pid=MOBG9QXPXZTUYDY8&lid=LSTMOBG9QXPXZTUYDY81BBAEL&marketplace=FLIPKART&q=mobiles&store=tyy%2F4io&srno=s_27_643&otracker=search&otracker1=search&fm=organic&iid=0ddff9ff-7795-4ae2-b7a6-b3cc9029f1eb.MOBG9QXPXZTUYDY8.SEARCH&ppt=None&ppn=None&ssid=nl9qjbf8eo0000001703699130878&qH=eb4af0bf07c16429,Xiaomi 11i 5G,128 GB,8 GB,128 GB,Not Expandable,16.94 cm,AMOLED,108.0MP,16MP,Xiaomi
3199,2749,14% off,4.3,212,11,1450.0,6261D Processor,1.0,https://www.flipkart.com/nokia-150-dual-sim-keypad-phone-rear-camera-long-lasting-battery-life-fm-radio/p/itmd9ed5b3168799?pid=MOBGSFECUGBKYSYN&lid=LSTMOBGSFECUGBKYSYN3NNBGK&marketplace=FLIPKART&q=mobiles&store=tyy%2F4io&srno=s_27_646&otracker=search&otracker1=search&fm=organic&iid=0ddff9ff-7795-4ae2-b7a6-b3cc9029f1eb.MOBGSFECUGBKYSYN.SEARCH&ppt=None&ppn=None&ssid=nl9qjbf8eo0000001703699130878&qH=eb4af0bf07c16429,"Nokia 150 Dual Sim Keypad Phone, Rear Camera, Long Lasting Battery Life and FM Radio",Unknown,Unknown,Unknown,Not Expandable,6.1 cm,Normal Display,0.3MP,0MP,Nokia
9999,5999,40% off,4.0,10609,866,5000.0,Unisoc T606 Processor,1.0,https://www.flipkart.com/motorola-e13-aurora-green-64-gb/p/itm97b95a526ee49?pid=MOBGKHNBXT4CCKGQ&lid=LSTMOBGKHNBXT4CCKGQY1KFMX&marketplace=FLIPKART&q=mobiles&store=tyy%2F4io&srno=s_27_647&otracker=search&otracker1=search&fm=organic&iid=0ddff9ff-7795-4ae2-b7a6-b3cc9029f1eb.MOBGKHNBXT4CCKGQ.SEARCH&ppt=None&ppn=None&ssid=nl9qjbf8eo0000001703699130878&qH=eb4af0bf07c16429,MOTOROLA e13,64 GB,2 GB,64 GB,Not Expandable,16.51 cm,HD,13.0MP,5MP,MOTOROLA
1399,829,40% off,4.3,64,6,1000.0,Spreadtrum Processor,0.08333333333333333,https://www.flipkart.com/itel-ace-2-young-without-charger/p/itm43f54f2e7a7a3?pid=MOBGPZH6ZPNAPFT7&lid=LSTMOBGPZH6ZPNAPFT7S2SYZ7&marketplace=FLIPKART&q=mobiles&store=tyy%2F4io&srno=s_28_649&otracker=search&otracker1=search&fm=organic&iid=b1cf32b9-8400-4c02-85c0-dfc264fe13b2.MOBGPZH6ZPNAPFT7.SEARCH&ppt=None&ppn=None&ssid=qspjoxkw4w0000001703699140128&qH=eb4af0bf07c16429,itel ACE 2 YOUNG,Unknown,Unknown,Unknown,32 GB,4.57 cm,Normal Display,0.0MP,Unknown,itel
3999,3724,6% off,4.2,10077,712,1200.0,MT6260A Processor,1.0,https://www.flipkart.com/nokia-5310-ds-keypad-mobile-fm-radio-camera-flash-8mb-ram/p/itma2a6226df7fc3?pid=MOBFUTFZTGHHWCEZ&lid=LSTMOBFUTFZTGHHWCEZY52TCW&marketplace=FLIPKART&q=mobiles&store=tyy%2F4io&srno=s_28_650&otracker=search&otracker1=search&fm=organic&iid=b1cf32b9-8400-4c02-85c0-dfc264fe13b2.MOBFUTFZTGHHWCEZ.SEARCH&ppt=None&ppn=None&ssid=qspjoxkw4w0000001703699140128&qH=eb4af0bf07c16429,"Nokia 5310 DS Keypad Mobile, FM Radio,Camera with Flash",Unknown,Unknown,Unknown,32 GB,6.1 cm,Normal Display,0.3MP,Unknown,Nokia
11999,9999,16% off,3.7,362,16,6000.0,Octa Core Processor,1.0,https://www.flipkart.com/kall-s1-plus-golden-128-gb/p/itm99221d5dd6363?pid=MOBGPN8SZFCZTVRG&lid=LSTMOBGPN8SZFCZTVRG6ETNLD&marketplace=FLIPKART&q=mobiles&store=tyy%2F4io&srno=s_28_651&otracker=search&otracker1=search&fm=organic&iid=b1cf32b9-8400-4c02-85c0-dfc264fe13b2.MOBGPN8SZFCZTVRG.SEARCH&ppt=None&ppn=None&ssid=qspjoxkw4w0000001703699140128&qH=eb4af0bf07c16429,I Kall S1 Plus,128 GB,6 GB,128 GB,512 GB,17.27 cm,HD,20.0MP,8MP,I
41990,37999,9% off,4.4,7699,1021,4600.0,Mediatek Dimensity 8200 Processor,1.0,https://www.flipkart.com/vivo-v27-pro-5g-magic-blue-128-gb/p/itmb928965669f5c?pid=MOBGN48FCBHMFUX9&lid=LSTMOBGN48FCBHMFUX9YDOXTG&marketplace=FLIPKART&q=mobiles&store=tyy%2F4io&srno=s_28_653&otracker=search&otracker1=search&fm=organic&iid=b1cf32b9-8400-4c02-85c0-dfc264fe13b2.MOBGN48FCBHMFUX9.SEARCH&ppt=None&ppn=None&ssid=qspjoxkw4w0000001703699140128&qH=eb4af0bf07c16429,vivo V27 Pro 5G,128 GB,8 GB,128 GB,Not Expandable,17.22 cm,Full HD,60.0MP,50MP,vivo
59999,54999,8% off,4.5,1954,386,4700.0,Snapdragon 8+ Gen 1 Processor,1.0,https://www.flipkart.com/oppo-reno10-pro-5g-glossy-purple-256-gb/p/itm0c255bc2351f1?pid=MOBGQP3UTQTRCZ83&lid=LSTMOBGQP3UTQTRCZ83V5WAAT&marketplace=FLIPKART&q=mobiles&store=tyy%2F4io&srno=s_28_654&otracker=search&otracker1=search&fm=organic&iid=b1cf32b9-8400-4c02-85c0-dfc264fe13b2.MOBGQP3UTQTRCZ83.SEARCH&ppt=None&ppn=None&ssid=qspjoxkw4w0000001703699140128&qH=eb4af0bf07c16429,OPPO Reno10 Pro+ 5G,256 GB,12 GB,256 GB,Not Expandable,17.12 cm,Full HD,122.0MP,32MP,OPPO
41990,37999,9% off,4.4,7699,1021,4600.0,Mediatek Dimensity 8200 Processor,1.0,https://www.flipkart.com/vivo-v27-pro-5g-noble-black-128-gb/p/itmb928965669f5c?pid=MOBGN48FH5QXAZ3K&lid=LSTMOBGN48FH5QXAZ3KIBD8R8&marketplace=FLIPKART&q=mobiles&store=tyy%2F4io&srno=s_28_655&otracker=search&otracker1=search&fm=organic&iid=b1cf32b9-8400-4c02-85c0-dfc264fe13b2.MOBGN48FH5QXAZ3K.SEARCH&ppt=None&ppn=None&ssid=qspjoxkw4w0000001703699140128&qH=eb4af0bf07c16429,vivo V27 Pro 5G,128 GB,8 GB,128 GB,Not Expandable,17.22 cm,Full HD,60.0MP,50MP,vivo
15999,12999,18% off,4.2,100,6918,5000.0,Mediatek Dimensity 700 Processor,1.0,https://www.flipkart.com/poco-m4-5g-power-black-64-gb/p/itmdca739218a8a0?pid=MOBGDRGPZTSHNQ5H&lid=LSTMOBGDRGPZTSHNQ5HK2U5VI&marketplace=FLIPKART&q=mobiles&store=tyy%2F4io&srno=s_28_658&otracker=search&otracker1=search&fm=organic&iid=b1cf32b9-8400-4c02-85c0-dfc264fe13b2.MOBGDRGPZTSHNQ5H.SEARCH&ppt=None&ppn=None&ssid=qspjoxkw4w0000001703699140128&qH=eb4af0bf07c16429,POCO M4 5G,64 GB,4 GB,64 GB,512 GB,16.71 cm,Full HD,52.0MP,8MP,POCO
149999,99999,33% off,4.6,2553,271,5000.0,Qualcomm Snapdragon 8 Gen 2 Processor,1.0,https://www.flipkart.com/samsung-galaxy-s23-ultra-5g-phantom-black-256-gb/p/itm15952643ba06d?pid=MOBGMFFX6E6SGYWC&lid=LSTMOBGMFFX6E6SGYWCF0WEXV&marketplace=FLIPKART&q=mobiles&store=tyy%2F4io&srno=s_28_661&otracker=search&otracker1=search&fm=organic&iid=b1cf32b9-8400-4c02-85c0-dfc264fe13b2.MOBGMFFX6E6SGYWC.SEARCH&ppt=None&ppn=None&ssid=qspjoxkw4w0000001703699140128&qH=eb4af0bf07c16429,SAMSUNG Galaxy S23 Ultra 5G,256 GB,12 GB,256 GB,Not Expandable,17.27 cm,HD,232.0MP,12MP,SAMSUNG
40999,23999,41% off,4.2,716,104,4500.0,Qualcomm Snapdragon 888 Processor,1.0,https://www.flipkart.com/realme-gt-5g-dashing-blue-128-gb/p/itm9ae1d9198cd93?pid=MOBG5JPXTFPYFWZQ&lid=LSTMOBG5JPXTFPYFWZQLQIT5C&marketplace=FLIPKART&q=mobiles&store=tyy%2F4io&srno=s_28_662&otracker=search&otracker1=search&fm=organic&iid=b1cf32b9-8400-4c02-85c0-dfc264fe13b2.MOBG5JPXTFPYFWZQ.SEARCH&ppt=None&ppn=None&ssid=qspjoxkw4w0000001703699140128&qH=eb4af0bf07c16429,realme GT 5G,128 GB,8 GB,128 GB,Not Expandable,16.33 cm,Full HD,74.0MP,16MP,realme
15999,11499,28% off,4.3,719,38,5000.0,Helio G85 Processor,1.0,https://www.flipkart.com/oppo-a18-glowing-blue-128-gb/p/itm017705291347d?pid=MOBGTR5XBFFHDXZD&lid=LSTMOBGTR5XBFFHDXZDMVYSOG&marketplace=FLIPKART&q=mobiles&store=tyy%2F4io&srno=s_28_663&otracker=search&otracker1=search&fm=organic&iid=b1cf32b9-8400-4c02-85c0-dfc264fe13b2.MOBGTR5XBFFHDXZD.SEARCH&ppt=None&ppn=None&ssid=qspjoxkw4w0000001703699140128&qH=eb4af0bf07c16429,OPPO A18,128 GB,4 GB,128 GB,Not Expandable,16.66 cm,HD,10.0MP,5MP,OPPO
15999,11499,28% off,4.3,719,38,5000.0,Helio G85 Processor,1.0,https://www.flipkart.com/oppo-a18-glowing-black-128-gb/p/itm017705291347d?pid=MOBGTR5XGARDZZJD&lid=LSTMOBGTR5XGARDZZJDWTGPL2&marketplace=FLIPKART&q=mobiles&store=tyy%2F4io&srno=s_28_664&otracker=search&otracker1=search&fm=organic&iid=b1cf32b9-8400-4c02-85c0-dfc264fe13b2.MOBGTR5XGARDZZJD.SEARCH&ppt=None&ppn=None&ssid=qspjoxkw4w0000001703699140128&qH=eb4af0bf07c16429,OPPO A18,128 GB,4 GB,128 GB,Not Expandable,16.66 cm,HD,10.0MP,5MP,OPPO
28999,22999,20% off,4.2,952,64,5000.0,Snapdragon 695 Processor,1.0,https://www.flipkart.com/oppo-f23-5g-cool-black-256-gb/p/itm7a0b753b2e0d3?pid=MOBGSGZJ8KF9ZBUK&lid=LSTMOBGSGZJ8KF9ZBUKS0FFHZ&marketplace=FLIPKART&q=mobiles&store=tyy%2F4io&srno=s_28_665&otracker=search&otracker1=search&fm=organic&iid=b1cf32b9-8400-4c02-85c0-dfc264fe13b2.MOBGSGZJ8KF9ZBUK.SEARCH&ppt=None&ppn=None&ssid=qspjoxkw4w0000001703699140128&qH=eb4af0bf07c16429,OPPO F23 5G,256 GB,8 GB,256 GB,Not Expandable,17.07 cm,Full HD,68.0MP,32MP,OPPO
10499,7599,27% off,3.3,1528,77,5000.0,Octa Core Processor,1.0,https://www.flipkart.com/kall-z19pro-blue-64-gb/p/itmb00af535da884?pid=MOBGHE53CVH36BAG&lid=LSTMOBGHE53CVH36BAGCZN1VF&marketplace=FLIPKART&q=mobiles&store=tyy%2F4io&srno=s_28_669&otracker=search&otracker1=search&fm=organic&iid=b1cf32b9-8400-4c02-85c0-dfc264fe13b2.MOBGHE53CVH36BAG.SEARCH&ppt=None&ppn=None&ssid=qspjoxkw4w0000001703699140128&qH=eb4af0bf07c16429,I Kall Z19Pro,64 GB,4 GB,64 GB,128 GB,16.51 cm,HD,13.0MP,8MP,I
22999,15999,30% off,4.2,203,13,5000.0,Mediatek Dimensity 700 Processor,1.0,https://www.flipkart.com/vivo-y56-5g-orange-shimmer-128-gb/p/itm287d611256deb?pid=MOBGMR8HBVZAFXW6&lid=LSTMOBGMR8HBVZAFXW6N2RNST&marketplace=FLIPKART&q=mobiles&store=tyy%2F4io&srno=s_28_670&otracker=search&otracker1=search&fm=organic&iid=b1cf32b9-8400-4c02-85c0-dfc264fe13b2.MOBGMR8HBVZAFXW6.SEARCH&ppt=None&ppn=None&ssid=qspjoxkw4w0000001703699140128&qH=eb4af0bf07c16429,vivo Y56 5G,128 GB,4 GB,128 GB,Not Expandable,16.71 cm,Full HD,52.0MP,16MP,vivo
22999,15999,30% off,4.2,203,13,5000.0,Mediatek Dimensity 700 Processor,1.0,https://www.flipkart.com/vivo-y56-5g-black-engine-128-gb/p/itm287d611256deb?pid=MOBGMR8HTEHUCZMU&lid=LSTMOBGMR8HTEHUCZMUX4F1XM&marketplace=FLIPKART&q=mobiles&store=tyy%2F4io&srno=s_28_672&otracker=search&otracker1=search&fm=organic&iid=b1cf32b9-8400-4c02-85c0-dfc264fe13b2.MOBGMR8HTEHUCZMU.SEARCH&ppt=None&ppn=None&ssid=qspjoxkw4w0000001703699140128&qH=eb4af0bf07c16429,vivo Y56 5G,128 GB,4 GB,128 GB,Not Expandable,16.71 cm,Full HD,52.0MP,16MP,vivo
27999,21999,21% off,4.4,917,83,4800.0,4 Gen 1 Processor,1.0,https://www.flipkart.com/vivo-y200-5g-jungle-green-128-gb/p/itmc79ade2c32297?pid=MOBGUGG65KUNXJ7Z&lid=LSTMOBGUGG65KUNXJ7ZG8ZWFB&marketplace=FLIPKART&q=mobiles&store=tyy%2F4io&srno=s_29_674&otracker=search&otracker1=search&fm=organic&iid=c2579f99-c9a5-4bd1-8126-17b33e05ffe9.MOBGUGG65KUNXJ7Z.SEARCH&ppt=None&ppn=None&ssid=0ylhqh479s0000001703699145941&qH=eb4af0bf07c16429,vivo Y200 5G,128 GB,8 GB,128 GB,Not Expandable,16.94 cm,Full HD,66.0MP,16MP,vivo
159999,154999,3% off,4.6,320,17,4400.0,Snapdragon 8 Gen 2 Processor,1.0,https://www.flipkart.com/samsung-galaxy-z-fold5-icy-blue-256-gb/p/itmb1d4fce24025c?pid=MOBGRS32N3KHZPH3&lid=LSTMOBGRS32N3KHZPH3ATRLVE&marketplace=FLIPKART&q=mobiles&store=tyy%2F4io&srno=s_29_677&otracker=search&otracker1=search&fm=organic&iid=c2579f99-c9a5-4bd1-8126-17b33e05ffe9.MOBGRS32N3KHZPH3.SEARCH&ppt=None&ppn=None&ssid=0ylhqh479s0000001703699145941&qH=eb4af0bf07c16429,SAMSUNG Galaxy Z Fold5,256 GB,12 GB,256 GB,Not Expandable,15.75 cm,Normal Display,72.0MP,Unknown,SAMSUNG
14999,9999,33% off,4.3,719,38,5000.0,Helio G85 Processor,1.0,https://www.flipkart.com/oppo-a18-glowing-blue-64-gb/p/itm017705291347d?pid=MOBGTR5XNFTHSJTB&lid=LSTMOBGTR5XNFTHSJTBQ2FFHU&marketplace=FLIPKART&q=mobiles&store=tyy%2F4io&srno=s_29_678&otracker=search&otracker1=search&fm=organic&iid=c2579f99-c9a5-4bd1-8126-17b33e05ffe9.MOBGTR5XNFTHSJTB.SEARCH&ppt=None&ppn=None&ssid=0ylhqh479s0000001703699145941&qH=eb4af0bf07c16429,OPPO A18,64 GB,4 GB,64 GB,Not Expandable,16.66 cm,HD,10.0MP,5MP,OPPO
14999,9999,33% off,4.3,719,38,5000.0,Helio G85 Processor,1.0,https://www.flipkart.com/oppo-a18-glowing-black-64-gb/p/itm017705291347d?pid=MOBGTR5XDTPJZR8P&lid=LSTMOBGTR5XDTPJZR8PURAGVJ&marketplace=FLIPKART&q=mobiles&store=tyy%2F4io&srno=s_29_679&otracker=search&otracker1=search&fm=organic&iid=c2579f99-c9a5-4bd1-8126-17b33e05ffe9.MOBGTR5XDTPJZR8P.SEARCH&ppt=None&ppn=None&ssid=0ylhqh479s0000001703699145941&qH=eb4af0bf07c16429,OPPO A18,64 GB,4 GB,64 GB,Not Expandable,16.66 cm,HD,10.0MP,5MP,OPPO
32999,25999,21% off,4.1,1900,168,5000.0,Mediatek Dimensity 1080 Processor,1.0,https://www.flipkart.com/redmi-note-12-pro-5g-onyx-black-256-gb/p/itm7aa76c2f3f28e?pid=MOBGRV6HTGFAYHDE&lid=LSTMOBGRV6HTGFAYHDEKHADUV&marketplace=FLIPKART&q=mobiles&store=tyy%2F4io&srno=s_29_682&otracker=search&otracker1=search&fm=organic&iid=c2579f99-c9a5-4bd1-8126-17b33e05ffe9.MOBGRV6HTGFAYHDE.SEARCH&ppt=None&ppn=None&ssid=0ylhqh479s0000001703699145941&qH=eb4af0bf07c16429,REDMI Note 12 Pro 5G,256 GB,12 GB,256 GB,Not Expandable,16.94 cm,AMOLED,60.0MP,16MP,REDMI
102999,99999,2% off,4.4,529,40,3700.0,Snapdragon 8 Gen 2 Processor,1.0,https://www.flipkart.com/samsung-galaxy-z-flip5-mint-256-gb/p/itm3038611e95123?pid=MOBGRS32NXYPBYMB&lid=LSTMOBGRS32NXYPBYMBRJJ8Z4&marketplace=FLIPKART&q=mobiles&store=tyy%2F4io&srno=s_29_688&otracker=search&otracker1=search&fm=organic&iid=c2579f99-c9a5-4bd1-8126-17b33e05ffe9.MOBGRS32NXYPBYMB.SEARCH&ppt=None&ppn=None&ssid=0ylhqh479s0000001703699145941&qH=eb4af0bf07c16429,SAMSUNG Galaxy Z Flip5,256 GB,8 GB,256 GB,Not Expandable,17.02 cm,Normal Display,24.0MP,10MP,SAMSUNG
99999,58390,41% off,4.3,7170,477,3300.0,Qualcomm Snapdragon 888 Octa-Core Processor,1.0,https://www.flipkart.com/samsung-galaxy-z-flip3-5g-cream-256-gb/p/itm304db41192be1?pid=MOBG6YQHJZKMW7ZC&lid=LSTMOBG6YQHJZKMW7ZCRR4N0Z&marketplace=FLIPKART&q=mobiles&store=tyy%2F4io&srno=s_29_691&otracker=search&otracker1=search&fm=organic&iid=c2579f99-c9a5-4bd1-8126-17b33e05ffe9.MOBG6YQHJZKMW7ZC.SEARCH&ppt=None&ppn=None&ssid=0ylhqh479s0000001703699145941&qH=eb4af0bf07c16429,SAMSUNG Galaxy Z Flip3 5G,256 GB,8 GB,256 GB,Not Expandable,17.02 cm,Full HD,24.0MP,10MP,SAMSUNG
10999,7499,31% off,4.1,23486,1449,5000.0,Unisoc T606 Processor,1.0,https://www.flipkart.com/motorola-e13-aurora-green-128-gb/p/itm87151a7bb1a4f?pid=MOBGQFX6HYNXCYGX&lid=LSTMOBGQFX6HYNXCYGXGXJTTI&marketplace=FLIPKART&q=mobiles&store=tyy%2F4io&srno=s_29_693&otracker=search&otracker1=search&fm=organic&iid=c2579f99-c9a5-4bd1-8126-17b33e05ffe9.MOBGQFX6HYNXCYGX.SEARCH&ppt=None&ppn=None&ssid=0ylhqh479s0000001703699145941&qH=eb4af0bf07c16429,MOTOROLA e13,128 GB,8 GB,128 GB,Not Expandable,16.51 cm,HD,13.0MP,5MP,MOTOROLA
10999,7499,31% off,4.1,23486,1449,5000.0,Unisoc T606 Processor,1.0,https://www.flipkart.com/motorola-e13-aurora-green-128-gb/p/itm87151a7bb1a4f?pid=MOBGQFX6HYNXCYGX&lid=LSTMOBGQFX6HYNXCYGXGXJTTI&marketplace=FLIPKART&q=mobiles&store=tyy%2F4io&srno=s_30_701&otracker=search&otracker1=search&fm=organic&iid=9b4729ef-9e4a-4c5e-bcb8-4be03edbfbb3.MOBGQFX6HYNXCYGX.SEARCH&ppt=None&ppn=None&ssid=6bbyd8hrnk0000001703699147724&qH=eb4af0bf07c16429,MOTOROLA e13,128 GB,8 GB,128 GB,Not Expandable,16.51 cm,HD,13.0MP,5MP,MOTOROLA
10499,7599,27% off,3.3,1528,77,5000.0,Octa Core Processor,1.0,https://www.flipkart.com/kall-z19pro-blue-64-gb/p/itmb00af535da884?pid=MOBGHE53CVH36BAG&lid=LSTMOBGHE53CVH36BAGCZN1VF&marketplace=FLIPKART&q=mobiles&store=tyy%2F4io&srno=s_30_704&otracker=search&otracker1=search&fm=organic&iid=9b4729ef-9e4a-4c5e-bcb8-4be03edbfbb3.MOBGHE53CVH36BAG.SEARCH&ppt=None&ppn=None&ssid=6bbyd8hrnk0000001703699147724&qH=eb4af0bf07c16429,I Kall Z19Pro,64 GB,4 GB,64 GB,128 GB,16.51 cm,HD,13.0MP,8MP,I
59999,54999,8% off,4.5,1954,386,4700.0,Snapdragon 8+ Gen 1 Processor,1.0,https://www.flipkart.com/oppo-reno10-pro-5g-glossy-purple-256-gb/p/itm0c255bc2351f1?pid=MOBGQP3UTQTRCZ83&lid=LSTMOBGQP3UTQTRCZ83V5WAAT&marketplace=FLIPKART&q=mobiles&store=tyy%2F4io&srno=s_30_706&otracker=search&otracker1=search&fm=organic&iid=9b4729ef-9e4a-4c5e-bcb8-4be03edbfbb3.MOBGQP3UTQTRCZ83.SEARCH&ppt=None&ppn=None&ssid=6bbyd8hrnk0000001703699147724&qH=eb4af0bf07c16429,OPPO Reno10 Pro+ 5G,256 GB,12 GB,256 GB,Not Expandable,17.12 cm,Full HD,122.0MP,32MP,OPPO
59999,54999,8% off,4.5,1954,386,4700.0,Snapdragon 8+ Gen 1 Processor,1.0,https://www.flipkart.com/oppo-reno10-pro-5g-silvery-grey-256-gb/p/itm0c255bc2351f1?pid=MOBGQP3USTPEYZH6&lid=LSTMOBGQP3USTPEYZH6F2SKXS&marketplace=FLIPKART&q=mobiles&store=tyy%2F4io&srno=s_30_707&otracker=search&otracker1=search&fm=organic&iid=9b4729ef-9e4a-4c5e-bcb8-4be03edbfbb3.MOBGQP3USTPEYZH6.SEARCH&ppt=None&ppn=None&ssid=6bbyd8hrnk0000001703699147724&qH=eb4af0bf07c16429,OPPO Reno10 Pro+ 5G,256 GB,12 GB,256 GB,Not Expandable,17.12 cm,Full HD,122.0MP,32MP,OPPO
102999,99999,2% off,4.4,529,40,3700.0,Snapdragon 8 Gen 2 Processor,1.0,https://www.flipkart.com/samsung-galaxy-z-flip5-cream-256-gb/p/itm1ae4ac514a962?pid=MOBGRS32HTY6FHB2&lid=LSTMOBGRS32HTY6FHB2OMALSY&marketplace=FLIPKART&q=mobiles&store=tyy%2F4io&srno=s_30_708&otracker=search&otracker1=search&fm=organic&iid=9b4729ef-9e4a-4c5e-bcb8-4be03edbfbb3.MOBGRS32HTY6FHB2.SEARCH&ppt=None&ppn=None&ssid=6bbyd8hrnk0000001703699147724&qH=eb4af0bf07c16429,SAMSUNG Galaxy Z Flip5,256 GB,8 GB,256 GB,Not Expandable,17.02 cm,Normal Display,24.0MP,10MP,SAMSUNG
3999,2999,25% off,3.5,77,15,1750.0,SC9830A Processor,1.0,https://www.flipkart.com/lyf-flame-7s-black-8-gb/p/itmc3c7509b37a7e?pid=MOBGK4JVXRGZB4HQ&lid=LSTMOBGK4JVXRGZB4HQTL4HGC&marketplace=FLIPKART&q=mobiles&store=tyy%2F4io&srno=s_30_710&otracker=search&otracker1=search&fm=organic&iid=9b4729ef-9e4a-4c5e-bcb8-4be03edbfbb3.MOBGK4JVXRGZB4HQ.SEARCH&ppt=None&ppn=None&ssid=6bbyd8hrnk0000001703699147724&qH=eb4af0bf07c16429,LYF Flame 7S,8 GB,1 GB,8 GB,32 GB,10.16 cm,Normal Display,5.0MP,2MP,LYF
1499,975,34% off,4.0,22,2,800.0,NA Processor,1.0,https://www.flipkart.com/kechaoda-a26-grey/p/itm4b48ed3428686?pid=MOBGTYNQZF4YEAC9&lid=LSTMOBGTYNQZF4YEAC9G4IWO8&marketplace=FLIPKART&q=mobiles&store=tyy%2F4io&srno=s_30_711&otracker=search&otracker1=search&fm=organic&iid=9b4729ef-9e4a-4c5e-bcb8-4be03edbfbb3.MOBGTYNQZF4YEAC9.SEARCH&ppt=None&ppn=None&ssid=6bbyd8hrnk0000001703699147724&qH=eb4af0bf07c16429,Kechaoda A26_Grey,Unknown,Unknown,16 GB,Not Expandable,1.68 cm,Normal Display,0.0MP,0MP,Kechaoda
16999,11488,32% off,4.3,318,22,5000.0,Helio G85 Processor,1.0,https://www.flipkart.com/vivo-y17s-forest-green-128-gb/p/itmc0b62213bf3c8?pid=MOBGUFV94XSJBPCX&lid=LSTMOBGUFV94XSJBPCXBWM5T7&marketplace=FLIPKART&q=mobiles&store=tyy%2F4io&srno=s_30_713&otracker=search&otracker1=search&fm=organic&iid=9b4729ef-9e4a-4c5e-bcb8-4be03edbfbb3.MOBGUFV94XSJBPCX.SEARCH&ppt=None&ppn=None&ssid=6bbyd8hrnk0000001703699147724&qH=eb4af0bf07c16429,vivo Y17s,128 GB,4 GB,128 GB,Not Expandable,16.66 cm,HD,52.0MP,8MP,vivo
18999,12999,31% off,4.2,965,48,5000.0,Helio G85 Processor,1.0,https://www.flipkart.com/vivo-y27-burgundy-black-128-gb/p/itm78b2110c431dd?pid=MOBGR5TSZH4ZGVZT&lid=LSTMOBGR5TSZH4ZGVZTSA5BUC&marketplace=FLIPKART&q=mobiles&store=tyy%2F4io&srno=s_30_717&otracker=search&otracker1=search&fm=organic&iid=9b4729ef-9e4a-4c5e-bcb8-4be03edbfbb3.MOBGR5TSZH4ZGVZT.SEARCH&ppt=None&ppn=None&ssid=6bbyd8hrnk0000001703699147724&qH=eb4af0bf07c16429,vivo Y27,128 GB,6 GB,128 GB,Not Expandable,16.87 cm,Full HD,52.0MP,8MP,vivo
41999,36999,11% off,4.2,2658,262,5000.0,"Exynos 1380, Octa Core Processor",1.0,https://www.flipkart.com/samsung-galaxy-a54-5g-awesome-graphite-128-gb/p/itm3474dcb32e38b?pid=MOBGNE4SFB9HPZST&lid=LSTMOBGNE4SFB9HPZST3OPZVQ&marketplace=FLIPKART&q=mobiles&store=tyy%2F4io&srno=s_36_841&otracker=search&otracker1=search&fm=organic&iid=1138a882-3605-4afa-b225-2a763bc77a7d.MOBGNE4SFB9HPZST.SEARCH&ppt=None&ppn=None&ssid=xex24oeyxc0000001703701581607&qH=eb4af0bf07c16429,SAMSUNG Galaxy A54 5G,128 GB,8 GB,128 GB,Not Expandable,16.26 cm,Full HD,67.0MP,32MP,SAMSUNG
45990,42999,6% off,4.4,1361,155,4600.0,Mediatek Dimensity 8200 Processor,1.0,https://www.flipkart.com/vivo-v27-pro-5g-magic-blue-256-gb/p/itmb928965669f5c?pid=MOBGN48FWCZPCHXG&lid=LSTMOBGN48FWCZPCHXGWE54XW&marketplace=FLIPKART&q=mobiles&store=tyy%2F4io&srno=s_36_843&otracker=search&otracker1=search&fm=organic&iid=1138a882-3605-4afa-b225-2a763bc77a7d.MOBGN48FWCZPCHXG.SEARCH&ppt=None&ppn=None&ssid=xex24oeyxc0000001703701581607&qH=eb4af0bf07c16429,vivo V27 Pro 5G,256 GB,12 GB,256 GB,Not Expandable,17.22 cm,Full HD,60.0MP,50MP,vivo
23990,16999,29% off,4.3,7698,570,5000.0,Qualcomm Snapdragon 680 Processor,1.0,https://www.flipkart.com/vivo-t1-44w-starry-sky-128-gb/p/itm2a08ebbea3689?pid=MOBGDRHVHYFKQP8K&lid=LSTMOBGDRHVHYFKQP8KLF8BBR&marketplace=FLIPKART&q=mobiles&store=tyy%2F4io&srno=s_36_844&otracker=search&otracker1=search&fm=organic&iid=1138a882-3605-4afa-b225-2a763bc77a7d.MOBGDRHVHYFKQP8K.SEARCH&ppt=None&ppn=None&ssid=xex24oeyxc0000001703701581607&qH=eb4af0bf07c16429,vivo T1 44W,128 GB,8 GB,128 GB,Not Expandable,16.36 cm,AMOLED,54.0MP,16MP,vivo
34999,29999,14% off,4.3,5686,731,4500.0,Qualcomm Snapdragon 870 Processor,2.0,https://www.flipkart.com/poco-f4-5g-night-black-128-gb/p/itm0508208a368c7?pid=MOBGE8538HZHG2UH&lid=LSTMOBGE8538HZHG2UHSO1V4M&marketplace=FLIPKART&q=mobiles&store=tyy%2F4io&srno=s_36_847&otracker=search&otracker1=search&fm=organic&iid=1138a882-3605-4afa-b225-2a763bc77a7d.MOBGE8538HZHG2UH.SEARCH&ppt=None&ppn=None&ssid=xex24oeyxc0000001703701581607&qH=eb4af0bf07c16429,POCO F4 5G,128 GB,8 GB,128 GB,Not Expandable,16.94 cm,Full HD,74.0MP,20MP,POCO
7999,5640,29% off,4.2,1018,54,4000.0,Quad Core Processor,1.0,https://www.flipkart.com/itel-a49-dome-blue-32-gb/p/itmdf287ee94e9e8?pid=MOBGCC6FJ4PJT74V&lid=LSTMOBGCC6FJ4PJT74V9SEZEM&marketplace=FLIPKART&q=mobiles&store=tyy%2F4io&srno=s_36_851&otracker=search&otracker1=search&fm=organic&iid=1138a882-3605-4afa-b225-2a763bc77a7d.MOBGCC6FJ4PJT74V.SEARCH&ppt=None&ppn=None&ssid=xex24oeyxc0000001703701581607&qH=eb4af0bf07c16429,itel A49,32 GB,2 GB,32 GB,128 GB,16.76 cm,HD,5.0MP,5MP,itel
95999,79999,16% off,4.5,3484,469,3900.0,Qualcomm Snapdragon 8 Gen 2 Processor,1.0,https://www.flipkart.com/samsung-galaxy-s23-5g-cream-256-gb/p/itm745d4b532623e?pid=MOBGMFFXURCVYANE&lid=LSTMOBGMFFXURCVYANE4SRNTK&marketplace=FLIPKART&q=mobiles&store=tyy%2F4io&srno=s_36_852&otracker=search&otracker1=search&fm=organic&iid=1138a882-3605-4afa-b225-2a763bc77a7d.MOBGMFFXURCVYANE.SEARCH&ppt=None&ppn=None&ssid=xex24oeyxc0000001703701581607&qH=eb4af0bf07c16429,SAMSUNG Galaxy S23 5G,256 GB,8 GB,256 GB,Not Expandable,15.49 cm,Full HD,72.0MP,12MP,SAMSUNG
21999,14999,31% off,4.2,875,49,5000.0,Snapdragon 680 Processor,1.0,https://www.flipkart.com/vivo-y36-meteor-black-128-gb/p/itm32921c8885565?pid=MOBGQFXZHX7FRKAG&lid=LSTMOBGQFXZHX7FRKAGPDWZX2&marketplace=FLIPKART&q=mobiles&store=tyy%2F4io&srno=s_36_854&otracker=search&otracker1=search&fm=organic&iid=1138a882-3605-4afa-b225-2a763bc77a7d.MOBGQFXZHX7FRKAG.SEARCH&ppt=None&ppn=None&ssid=xex24oeyxc0000001703701581607&qH=eb4af0bf07c16429,vivo Y36,128 GB,8 GB,128 GB,Not Expandable,16.87 cm,Full HD,52.0MP,16MP,vivo
44999,39999,11% off,4.4,7699,1021,4600.0,Mediatek Dimensity 8200 Processor,1.0,https://www.flipkart.com/vivo-v27-pro-5g-magic-blue-256-gb/p/itmb928965669f5c?pid=MOBGN39EBRDT3JUR&lid=LSTMOBGN39EBRDT3JURN9EXXW&marketplace=FLIPKART&q=mobiles&store=tyy%2F4io&srno=s_36_855&otracker=search&otracker1=search&fm=organic&iid=1138a882-3605-4afa-b225-2a763bc77a7d.MOBGN39EBRDT3JUR.SEARCH&ppt=None&ppn=None&ssid=xex24oeyxc0000001703701581607&qH=eb4af0bf07c16429,vivo V27 Pro 5G,256 GB,8 GB,256 GB,Not Expandable,17.22 cm,Full HD,60.0MP,50MP,vivo
22999,15999,30% off,4.2,203,13,5000.0,Mediatek Dimensity 700 Processor,1.0,https://www.flipkart.com/vivo-y56-5g-orange-shimmer-128-gb/p/itm287d611256deb?pid=MOBGMR8HBVZAFXW6&lid=LSTMOBGMR8HBVZAFXW6N2RNST&marketplace=FLIPKART&q=mobiles&store=tyy%2F4io&srno=s_36_856&otracker=search&otracker1=search&fm=organic&iid=1138a882-3605-4afa-b225-2a763bc77a7d.MOBGMR8HBVZAFXW6.SEARCH&ppt=None&ppn=None&ssid=xex24oeyxc0000001703701581607&qH=eb4af0bf07c16429,vivo Y56 5G,128 GB,4 GB,128 GB,Not Expandable,16.71 cm,Full HD,52.0MP,16MP,vivo
24999,17999,28% off,4.1,4776,579,5000.0,Mediatek Dimensity 1080 Processor,1.0,https://www.flipkart.com/infinix-zero-5g-2023-turbo-pearly-white-256-gb/p/itm55b01c2793f9f?pid=MOBGM5WMURHDEHGE&lid=LSTMOBGM5WMURHDEHGESKSIJ3&marketplace=FLIPKART&q=mobiles&store=tyy%2F4io&srno=s_36_857&otracker=search&otracker1=search&fm=organic&iid=1138a882-3605-4afa-b225-2a763bc77a7d.MOBGM5WMURHDEHGE.SEARCH&ppt=None&ppn=None&ssid=xex24oeyxc0000001703701581607&qH=eb4af0bf07c16429,Infinix Zero 5G 2023 TURBO,256 GB,8 GB,256 GB,256 GB,17.22 cm,Full HD,54.0MP,16MP,Infinix
5999,3429,42% off,3.9,1198,208,2500.0,Rugged Phone|Senior Citizen Phone,1.0,https://www.flipkart.com/easyfone-shield/p/itm30ed918b6d3dd?pid=MOBGFWAZHU3JZTZT&lid=LSTMOBGFWAZHU3JZTZTOKD8CD&marketplace=FLIPKART&q=mobiles&store=tyy%2F4io&srno=s_36_860&otracker=search&otracker1=search&fm=organic&iid=1138a882-3605-4afa-b225-2a763bc77a7d.MOBGFWAZHU3JZTZT.SEARCH&ppt=None&ppn=None&ssid=xex24oeyxc0000001703701581607&qH=eb4af0bf07c16429,Easyfone Shield,Unknown,Unknown,Unknown,32 GB,7.11 cm,Normal Display,2.0MP,Unknown,Easyfone
11999,9499,20% off,4.0,31,0,6000.0,Octa Core Processor,1.0,https://www.flipkart.com/kall-s1-pro-purple-128-gb/p/itm71af963ed6d02?pid=MOBGSWYZHBDCZZJJ&lid=LSTMOBGSWYZHBDCZZJJFYAAPR&marketplace=FLIPKART&q=mobiles&store=tyy%2F4io&srno=s_36_861&otracker=search&otracker1=search&fm=organic&iid=1138a882-3605-4afa-b225-2a763bc77a7d.MOBGSWYZHBDCZZJJ.SEARCH&ppt=None&ppn=None&ssid=xex24oeyxc0000001703701581607&qH=eb4af0bf07c16429,I Kall S1-Pro,128 GB,6 GB,128 GB,512 GB,17.27 cm,HD,20.0MP,8MP,I
29999,23999,20% off,4.3,2655,183,4500.0,Mediatek Dimensity 900 Processor,1.0,https://www.flipkart.com/vivo-y100-5g-twilight-gold-128-gb/p/itm02d7cc65cf584?pid=MOBGMM42RVGSZ4KS&lid=LSTMOBGMM42RVGSZ4KSPWLP8X&marketplace=FLIPKART&q=mobiles&store=tyy%2F4io&srno=s_36_863&otracker=search&otracker1=search&fm=organic&iid=1138a882-3605-4afa-b225-2a763bc77a7d.MOBGMM42RVGSZ4KS.SEARCH&ppt=None&ppn=None&ssid=xex24oeyxc0000001703701581607&qH=eb4af0bf07c16429,vivo Y100 5G,128 GB,8 GB,128 GB,Not Expandable,16.21 cm,AMOLED,68.0MP,16MP,vivo
